"title","start_time","end_time","description","exercise_title","superset_id","exercise_notes","set_index","set_type","weight_kg","reps","distance_km","duration_seconds","rpe"
"Poniedziałek - Góra","14 Sep 2026, 18:55","14 Sep 2026, 21:31","","Bench Press (Barbell)",,"",0,"normal",97.5,7,,,
"Poniedziałek - Góra","14 Sep 2026, 18:55","14 Sep 2026, 21:31","","Bench Press (Barbell)",,"",1,"normal",100,5,,,
"Poniedziałek - Góra","14 Sep 2026, 18:55","14 Sep 2026, 21:31","","Bench Press (Barbell)",,"",2,"normal",102.5,4,,,
"Poniedziałek - Góra","14 Sep 2026, 18:55","14 Sep 2026, 21:31","","Bench Press (Barbell)",,"",3,"normal",105,3,,,
"Poniedziałek - Góra","14 Sep 2026, 18:55","14 Sep 2026, 21:31","","Pull Up (Weighted)",,"",0,"normal",10,10,,,
"Poniedziałek - Góra","14 Sep 2026, 18:55","14 Sep 2026, 21:31","","Pull Up (Weighted)",,"",1,"normal",12.5,7,,,
"Poniedziałek - Góra","14 Sep 2026, 18:55","14 Sep 2026, 21:31","","Pull Up (Weighted)",,"",2,"failure",15,7,,,
"Poniedziałek - Góra","14 Sep 2026, 18:55","14 Sep 2026, 21:31","","Pull Up (Weighted)",,"",3,"failure",17.5,6,,,
"Poniedziałek - Góra","14 Sep 2026, 18:55","14 Sep 2026, 21:31","","Incline Bench Press (Smith Machine)",,"Wymiana jednego powtorzenia, na jeden kilogram wiecej. Nie wiem czy to sie oplacalo.",0,"failure",81,7,,,
"Poniedziałek - Góra","14 Sep 2026, 18:55","14 Sep 2026, 21:31","","Incline Bench Press (Smith Machine)",,"Wymiana jednego powtorzenia, na jeden kilogram wiecej. Nie wiem czy to sie oplacalo.",1,"failure",86,4,,,
"Poniedziałek - Góra","14 Sep 2026, 18:55","14 Sep 2026, 21:31","","Incline Bench Press (Smith Machine)",,"Wymiana jednego powtorzenia, na jeden kilogram wiecej. Nie wiem czy to sie oplacalo.",2,"failure",68.5,11,,,
"Poniedziałek - Góra","14 Sep 2026, 18:55","14 Sep 2026, 21:31","","Seated Cable Row - Bar Wide Grip",,"",0,"normal",70,15,,,
"Poniedziałek - Góra","14 Sep 2026, 18:55","14 Sep 2026, 21:31","","Seated Cable Row - Bar Wide Grip",,"",1,"failure",77.5,12,,,
"Poniedziałek - Góra","14 Sep 2026, 18:55","14 Sep 2026, 21:31","","Seated Cable Row - Bar Wide Grip",,"",2,"failure",82.5,10,,,
"Poniedziałek - Góra","14 Sep 2026, 18:55","14 Sep 2026, 21:31","","Incline Bench Cable Flyes- Wyciąg Leżąc",,"",0,"normal",13,12,,,
"Poniedziałek - Góra","14 Sep 2026, 18:55","14 Sep 2026, 21:31","","Incline Bench Cable Flyes- Wyciąg Leżąc",,"",1,"normal",14.25,10,,,
"Poniedziałek - Góra","14 Sep 2026, 18:55","14 Sep 2026, 21:31","","Incline Bench Cable Flyes- Wyciąg Leżąc",,"",2,"failure",15.5,8,,,
"Poniedziałek - Góra","14 Sep 2026, 18:55","14 Sep 2026, 21:31","","Single Arm Cable Row Wysoko",,"",0,"normal",45,10,,,
"Poniedziałek - Góra","14 Sep 2026, 18:55","14 Sep 2026, 21:31","","Single Arm Cable Row Wysoko",,"",1,"normal",46.25,9,,,
"Poniedziałek - Góra","14 Sep 2026, 18:55","14 Sep 2026, 21:31","","Single Arm Cable Row Wysoko",,"",2,"failure",47.5,8,,,
"Poniedziałek - Góra","14 Sep 2026, 18:55","14 Sep 2026, 21:31","","Lateral Raise (Machine)",,"",0,"failure",67.5,5,,,
"Poniedziałek - Góra","14 Sep 2026, 18:55","14 Sep 2026, 21:31","","Lateral Raise (Machine)",,"",1,"failure",50,12,,,
"Poniedziałek - Góra","14 Sep 2026, 18:55","14 Sep 2026, 21:31","","Rear Delt Reverse Fly (Machine)",,"",0,"normal",30,6,,,
"Poniedziałek - Góra","14 Sep 2026, 18:55","14 Sep 2026, 21:31","","Rear Delt Reverse Fly (Machine)",,"",1,"failure",22.5,11,,,
"Poniedziałek - Góra","14 Sep 2026, 18:55","14 Sep 2026, 21:31","","Bicep Curl (Cable)",0,"",0,"normal",30,9,,,
"Poniedziałek - Góra","14 Sep 2026, 18:55","14 Sep 2026, 21:31","","Bicep Curl (Cable)",0,"",1,"failure",30,10,,,
"Poniedziałek - Góra","14 Sep 2026, 18:55","14 Sep 2026, 21:31","","Triceps Rope Pushdown",0,"",0,"normal",38.75,6,,,
"Poniedziałek - Góra","14 Sep 2026, 18:55","14 Sep 2026, 21:31","","Triceps Rope Pushdown",0,"",1,"failure",30,11,,,
"Gdy brak czasu ci doskwiera, szybka sobota cię sponiewiera.","12 Sep 2026, 13:51","12 Sep 2026, 15:02","Bocian","Hack Squat (Machine) Kapelanka",,"",0,"normal",162,10,,,
"Gdy brak czasu ci doskwiera, szybka sobota cię sponiewiera.","12 Sep 2026, 13:51","12 Sep 2026, 15:02","Bocian","Hack Squat (Machine) Kapelanka",,"",1,"normal",164.5,9,,,
"Gdy brak czasu ci doskwiera, szybka sobota cię sponiewiera.","12 Sep 2026, 13:51","12 Sep 2026, 15:02","Bocian","Hack Squat (Machine) Kapelanka",,"",2,"normal",167,8,,,
"Gdy brak czasu ci doskwiera, szybka sobota cię sponiewiera.","12 Sep 2026, 13:51","12 Sep 2026, 15:02","Bocian","Leg Extension (Machine) Kapelanka",0,"",0,"normal",108,10,,,
"Gdy brak czasu ci doskwiera, szybka sobota cię sponiewiera.","12 Sep 2026, 13:51","12 Sep 2026, 15:02","Bocian","Leg Extension (Machine) Kapelanka",0,"",1,"normal",110,10,,,
"Gdy brak czasu ci doskwiera, szybka sobota cię sponiewiera.","12 Sep 2026, 13:51","12 Sep 2026, 15:02","Bocian","Leg Extension (Machine) Kapelanka",0,"",2,"normal",112.5,10,,,
"Gdy brak czasu ci doskwiera, szybka sobota cię sponiewiera.","12 Sep 2026, 13:51","12 Sep 2026, 15:02","Bocian","Lying Leg Curl (Machine) Kapelanka",0,"",0,"normal",79,10,,,
"Gdy brak czasu ci doskwiera, szybka sobota cię sponiewiera.","12 Sep 2026, 13:51","12 Sep 2026, 15:02","Bocian","Lying Leg Curl (Machine) Kapelanka",0,"",1,"normal",81,10,,,
"Gdy brak czasu ci doskwiera, szybka sobota cię sponiewiera.","12 Sep 2026, 13:51","12 Sep 2026, 15:02","Bocian","Lying Leg Curl (Machine) Kapelanka",0,"",2,"normal",83.5,10,,,
"Gdy brak czasu ci doskwiera, szybka sobota cię sponiewiera.","12 Sep 2026, 13:51","12 Sep 2026, 15:02","Bocian","Leg Raise Parallel Bars",,"",0,"normal",,21,,,
"Gdy brak czasu ci doskwiera, szybka sobota cię sponiewiera.","12 Sep 2026, 13:51","12 Sep 2026, 15:02","Bocian","Leg Raise Parallel Bars",,"",1,"normal",,19,,,
"Gdy brak czasu ci doskwiera, szybka sobota cię sponiewiera.","12 Sep 2026, 13:51","12 Sep 2026, 15:02","Bocian","Leg Raise Parallel Bars",,"",2,"normal",,17,,,
"Gdy brak czasu ci doskwiera, szybka sobota cię sponiewiera.","12 Sep 2026, 13:51","12 Sep 2026, 15:02","Bocian","Cable Crunch - Wyciąg Kapelanka - Na Podwyższeniu 15cm",,"",0,"normal",48.25,13,,,
"Gdy brak czasu ci doskwiera, szybka sobota cię sponiewiera.","12 Sep 2026, 13:51","12 Sep 2026, 15:02","Bocian","Cable Crunch - Wyciąg Kapelanka - Na Podwyższeniu 15cm",,"",1,"normal",48.75,12,,,
"Gdy brak czasu ci doskwiera, szybka sobota cię sponiewiera.","12 Sep 2026, 13:51","12 Sep 2026, 15:02","Bocian","Cable Crunch - Wyciąg Kapelanka - Na Podwyższeniu 15cm",,"",2,"normal",49.25,11,,,
"Szybkie ramiona","11 Sep 2026, 18:50","11 Sep 2026, 19:51","","Shoulder Press (Dumbbell)",,"",0,"normal",60,10,,,
"Szybkie ramiona","11 Sep 2026, 18:50","11 Sep 2026, 19:51","","Shoulder Press (Dumbbell)",,"",1,"normal",65,8,,,
"Szybkie ramiona","11 Sep 2026, 18:50","11 Sep 2026, 19:51","","Shoulder Press (Dumbbell)",,"",2,"normal",65,7,,,
"Szybkie ramiona","11 Sep 2026, 18:50","11 Sep 2026, 19:51","","Seated Lateral Raise (Dumbbell)",,"",0,"normal",20,15,,,
"Szybkie ramiona","11 Sep 2026, 18:50","11 Sep 2026, 19:51","","Seated Lateral Raise (Dumbbell)",,"",1,"normal",25,10,,,
"Szybkie ramiona","11 Sep 2026, 18:50","11 Sep 2026, 19:51","","Seated Lateral Raise (Dumbbell)",,"",2,"failure",25,12,,,
"Szybkie ramiona","11 Sep 2026, 18:50","11 Sep 2026, 19:51","","Rear Delt Reverse Fly (Cable)",,"",0,"normal",7.5,12,,,
"Szybkie ramiona","11 Sep 2026, 18:50","11 Sep 2026, 19:51","","Rear Delt Reverse Fly (Cable)",,"",1,"normal",7.5,12,,,
"Szybkie ramiona","11 Sep 2026, 18:50","11 Sep 2026, 19:51","","Rear Delt Reverse Fly (Cable)",,"",2,"normal",8.75,11,,,
"Szybkie ramiona","11 Sep 2026, 18:50","11 Sep 2026, 19:51","","EZ Bar Biceps Curl",,"",0,"normal",30,12,,,
"Szybkie ramiona","11 Sep 2026, 18:50","11 Sep 2026, 19:51","","EZ Bar Biceps Curl",,"",1,"normal",35,10,,,
"Szybkie ramiona","11 Sep 2026, 18:50","11 Sep 2026, 19:51","","EZ Bar Biceps Curl",,"",2,"normal",40,8,,,
"Szybkie ramiona","11 Sep 2026, 18:50","11 Sep 2026, 19:51","","Triceps Pushdown (Chwyt Powyginany)",,"",0,"normal",35,12,,,
"Szybkie ramiona","11 Sep 2026, 18:50","11 Sep 2026, 19:51","","Triceps Pushdown (Chwyt Powyginany)",,"",1,"normal",40,10,,,
"Szybkie ramiona","11 Sep 2026, 18:50","11 Sep 2026, 19:51","","Triceps Pushdown (Chwyt Powyginany)",,"",2,"normal",45,8,,,
"Szybkie ramiona","11 Sep 2026, 18:50","11 Sep 2026, 19:51","","Hammer Curl (Dumbbell)",,"",0,"normal",15,10,,,
"Szybkie ramiona","11 Sep 2026, 18:50","11 Sep 2026, 19:51","","Hammer Curl (Dumbbell)",,"",1,"normal",15,12,,,
"Szybkie ramiona","11 Sep 2026, 18:50","11 Sep 2026, 19:51","","Overhead Triceps Extension (Cable)",,"",0,"normal",25,9,,,
"Szybkie ramiona","11 Sep 2026, 18:50","11 Sep 2026, 19:51","","Overhead Triceps Extension (Cable)",,"",1,"normal",25,9,,,
"Czwartek - Góra - Hiperchujnia","10 Sep 2026, 18:35","10 Sep 2026, 20:29","","Feet Up Bench Press (Barbell)",,"",0,"normal",92,9,,,
"Czwartek - Góra - Hiperchujnia","10 Sep 2026, 18:35","10 Sep 2026, 20:29","","Feet Up Bench Press (Barbell)",,"",1,"normal",94.5,7,,,
"Czwartek - Góra - Hiperchujnia","10 Sep 2026, 18:35","10 Sep 2026, 20:29","","Feet Up Bench Press (Barbell)",,"",2,"failure",97,4,,,
"Czwartek - Góra - Hiperchujnia","10 Sep 2026, 18:35","10 Sep 2026, 20:29","","Lat Pulldown - Close Grip (Cable)",,"",0,"normal",106.5,11,,,
"Czwartek - Góra - Hiperchujnia","10 Sep 2026, 18:35","10 Sep 2026, 20:29","","Lat Pulldown - Close Grip (Cable)",,"",1,"normal",110,9,,,
"Czwartek - Góra - Hiperchujnia","10 Sep 2026, 18:35","10 Sep 2026, 20:29","","Lat Pulldown - Close Grip (Cable)",,"",2,"normal",113.5,7,,,
"Czwartek - Góra - Hiperchujnia","10 Sep 2026, 18:35","10 Sep 2026, 20:29","","Lat Pulldown - Close Grip (Cable)",,"",3,"failure",87,12,,,
"Czwartek - Góra - Hiperchujnia","10 Sep 2026, 18:35","10 Sep 2026, 20:29","","Incline Chest Press (Machine)",,"",0,"normal",115,8,,,
"Czwartek - Góra - Hiperchujnia","10 Sep 2026, 18:35","10 Sep 2026, 20:29","","Incline Chest Press (Machine)",,"",1,"normal",117.5,7,,,
"Czwartek - Góra - Hiperchujnia","10 Sep 2026, 18:35","10 Sep 2026, 20:29","","Incline Chest Press (Machine)",,"",2,"normal",120,6,,,
"Czwartek - Góra - Hiperchujnia","10 Sep 2026, 18:35","10 Sep 2026, 20:29","","Incline Chest Press (Machine)",,"",3,"failure",92,12,,,
"Czwartek - Góra - Hiperchujnia","10 Sep 2026, 18:35","10 Sep 2026, 20:29","","Iso-Lateral High Row (Machine)",,"",0,"normal",157.5,10,,,
"Czwartek - Góra - Hiperchujnia","10 Sep 2026, 18:35","10 Sep 2026, 20:29","","Iso-Lateral High Row (Machine)",,"",1,"normal",167.5,8,,,
"Czwartek - Góra - Hiperchujnia","10 Sep 2026, 18:35","10 Sep 2026, 20:29","","Iso-Lateral High Row (Machine)",,"",2,"failure",127.5,15,,,
"Czwartek - Góra - Hiperchujnia","10 Sep 2026, 18:35","10 Sep 2026, 20:29","","Butterfly (Pec Deck)",,"",0,"normal",117,10,,,
"Czwartek - Góra - Hiperchujnia","10 Sep 2026, 18:35","10 Sep 2026, 20:29","","Butterfly (Pec Deck)",,"",1,"normal",119.5,8,,,
"Czwartek - Góra - Hiperchujnia","10 Sep 2026, 18:35","10 Sep 2026, 20:29","","Butterfly (Pec Deck)",,"",2,"failure",90,11,,,
"Czwartek - Góra - Hiperchujnia","10 Sep 2026, 18:35","10 Sep 2026, 20:29","","Pullover (Machine)",,"",0,"normal",117.5,12,,,
"Czwartek - Góra - Hiperchujnia","10 Sep 2026, 18:35","10 Sep 2026, 20:29","","Pullover (Machine)",,"",1,"normal",122.5,9,,,
"Czwartek - Góra - Hiperchujnia","10 Sep 2026, 18:35","10 Sep 2026, 20:29","","Pullover (Machine)",,"",2,"normal",127.5,7,,,
"Środa - Dzień cardio","9 Sep 2026, 16:24","9 Sep 2026, 17:24","","Treadmill",,"",0,"normal",,,4.7,3600,
"Wtorek - Dół","8 Sep 2026, 19:07","8 Sep 2026, 21:44","","Warm Up",,"",0,"normal",,,,1080,
"Wtorek - Dół","8 Sep 2026, 19:07","8 Sep 2026, 21:44","","Front Squat",,"Brak sily, brak stabilizacji dzisiaj, bardzo nieudane przysiady.",0,"failure",110,3,,,
"Wtorek - Dół","8 Sep 2026, 19:07","8 Sep 2026, 21:44","","Front Squat",,"Brak sily, brak stabilizacji dzisiaj, bardzo nieudane przysiady.",1,"normal",110,4,,,
"Wtorek - Dół","8 Sep 2026, 19:07","8 Sep 2026, 21:44","","Front Squat",,"Brak sily, brak stabilizacji dzisiaj, bardzo nieudane przysiady.",2,"failure",115,2,,,
"Wtorek - Dół","8 Sep 2026, 19:07","8 Sep 2026, 21:44","","Romanian Deadlift (Barbell)",,"",0,"normal",141,7,,,
"Wtorek - Dół","8 Sep 2026, 19:07","8 Sep 2026, 21:44","","Romanian Deadlift (Barbell)",,"",1,"normal",151,6,,,
"Wtorek - Dół","8 Sep 2026, 19:07","8 Sep 2026, 21:44","","Romanian Deadlift (Barbell)",,"",2,"normal",161,5,,,
"Wtorek - Dół","8 Sep 2026, 19:07","8 Sep 2026, 21:44","","Belt Squat (Machine)",,"",0,"normal",210,12,,,
"Wtorek - Dół","8 Sep 2026, 19:07","8 Sep 2026, 21:44","","Belt Squat (Machine)",,"",1,"normal",220,11,,,
"Wtorek - Dół","8 Sep 2026, 19:07","8 Sep 2026, 21:44","","Belt Squat (Machine)",,"",2,"normal",230,10,,,
"Wtorek - Dół","8 Sep 2026, 19:07","8 Sep 2026, 21:44","","Leg Extension (Machine)",0,"",0,"normal",110,11,,,
"Wtorek - Dół","8 Sep 2026, 19:07","8 Sep 2026, 21:44","","Leg Extension (Machine)",0,"",1,"normal",112.5,10,,,
"Wtorek - Dół","8 Sep 2026, 19:07","8 Sep 2026, 21:44","","Leg Extension (Machine)",0,"",2,"failure",85,12,,,
"Wtorek - Dół","8 Sep 2026, 19:07","8 Sep 2026, 21:44","","Seated Leg Curl (Machine)",0,"",0,"normal",82.5,10,,,
"Wtorek - Dół","8 Sep 2026, 19:07","8 Sep 2026, 21:44","","Seated Leg Curl (Machine)",0,"",1,"normal",87.5,8,,,
"Wtorek - Dół","8 Sep 2026, 19:07","8 Sep 2026, 21:44","","Seated Leg Curl (Machine)",0,"",2,"failure",67.5,14,,,
"Wtorek - Dół","8 Sep 2026, 19:07","8 Sep 2026, 21:44","","Hip Adduction (Machine)",,"",0,"normal",100,15,,,
"Wtorek - Dół","8 Sep 2026, 19:07","8 Sep 2026, 21:44","","Hip Adduction (Machine)",,"",1,"failure",100.5,15,,,
"Wtorek - Dół","8 Sep 2026, 19:07","8 Sep 2026, 21:44","","Cable Crunch",,"",0,"normal",60,8,,,
"Wtorek - Dół","8 Sep 2026, 19:07","8 Sep 2026, 21:44","","Cable Crunch",,"",1,"normal",58.75,13,,,
"Wtorek - Dół","8 Sep 2026, 19:07","8 Sep 2026, 21:44","","Cable Crunch",,"",2,"failure",47.5,18,,,
"Wtorek - Dół","8 Sep 2026, 19:07","8 Sep 2026, 21:44","","Cable Core Pallof Press",,"",0,"normal",31.5,7,,,
"Wtorek - Dół","8 Sep 2026, 19:07","8 Sep 2026, 21:44","","Cable Core Pallof Press",,"",1,"failure",24,10,,,
"Poniedziałek - Góra","7 Sep 2026, 19:01","7 Sep 2026, 21:21","","Bench Press (Barbell)",,"",0,"normal",97.5,7,,,
"Poniedziałek - Góra","7 Sep 2026, 19:01","7 Sep 2026, 21:21","","Bench Press (Barbell)",,"",1,"normal",100,5,,,
"Poniedziałek - Góra","7 Sep 2026, 19:01","7 Sep 2026, 21:21","","Bench Press (Barbell)",,"",2,"normal",102.5,4,,,
"Poniedziałek - Góra","7 Sep 2026, 19:01","7 Sep 2026, 21:21","","Bench Press (Barbell)",,"",3,"normal",105,3,,,
"Poniedziałek - Góra","7 Sep 2026, 19:01","7 Sep 2026, 21:21","","Pull Up (Weighted)",,"",0,"normal",10,10,,,
"Poniedziałek - Góra","7 Sep 2026, 19:01","7 Sep 2026, 21:21","","Pull Up (Weighted)",,"",1,"normal",12.5,7,,,
"Poniedziałek - Góra","7 Sep 2026, 19:01","7 Sep 2026, 21:21","","Pull Up (Weighted)",,"",2,"normal",15,6,,,
"Poniedziałek - Góra","7 Sep 2026, 19:01","7 Sep 2026, 21:21","","Pull Up (Weighted)",,"",3,"failure",17.5,5,,,
"Poniedziałek - Góra","7 Sep 2026, 19:01","7 Sep 2026, 21:21","","Incline Bench Press (Smith Machine)",,"",0,"normal",80,8,,,
"Poniedziałek - Góra","7 Sep 2026, 19:01","7 Sep 2026, 21:21","","Incline Bench Press (Smith Machine)",,"",1,"normal",85,5,,,
"Poniedziałek - Góra","7 Sep 2026, 19:01","7 Sep 2026, 21:21","","Incline Bench Press (Smith Machine)",,"",2,"failure",67.5,12,,,
"Poniedziałek - Góra","7 Sep 2026, 19:01","7 Sep 2026, 21:21","","Seated Cable Row - Bar Wide Grip",,"Wjezdza na srodke pleca",0,"normal",60,15,,,
"Poniedziałek - Góra","7 Sep 2026, 19:01","7 Sep 2026, 21:21","","Seated Cable Row - Bar Wide Grip",,"Wjezdza na srodke pleca",1,"normal",70,12,,,
"Poniedziałek - Góra","7 Sep 2026, 19:01","7 Sep 2026, 21:21","","Seated Cable Row - Bar Wide Grip",,"Wjezdza na srodke pleca",2,"failure",80,10,,,
"Poniedziałek - Góra","7 Sep 2026, 19:01","7 Sep 2026, 21:21","","Incline Bench Cable Flyes- Wyciąg Leżąc",,"GOAT Cwiczenie",0,"normal",12.5,12,,,
"Poniedziałek - Góra","7 Sep 2026, 19:01","7 Sep 2026, 21:21","","Incline Bench Cable Flyes- Wyciąg Leżąc",,"GOAT Cwiczenie",1,"normal",13.75,10,,,
"Poniedziałek - Góra","7 Sep 2026, 19:01","7 Sep 2026, 21:21","","Incline Bench Cable Flyes- Wyciąg Leżąc",,"GOAT Cwiczenie",2,"failure",15,8,,,
"Poniedziałek - Góra","7 Sep 2026, 19:01","7 Sep 2026, 21:21","","Single Arm Cable Row Wysoko",,"",0,"normal",45,8,,,
"Poniedziałek - Góra","7 Sep 2026, 19:01","7 Sep 2026, 21:21","","Single Arm Cable Row Wysoko",,"",1,"normal",45,9,,,
"Poniedziałek - Góra","7 Sep 2026, 19:01","7 Sep 2026, 21:21","","Single Arm Cable Row Wysoko",,"",2,"failure",45,10,,,
"Poniedziałek - Góra","7 Sep 2026, 19:01","7 Sep 2026, 21:21","","Lateral Raise (Machine)",,"",0,"normal",67.5,6,,,
"Poniedziałek - Góra","7 Sep 2026, 19:01","7 Sep 2026, 21:21","","Lateral Raise (Machine)",,"",1,"failure",50,13,,,
"Poniedziałek - Góra","7 Sep 2026, 19:01","7 Sep 2026, 21:21","","Rear Delt Reverse Fly (Machine)",,"",0,"normal",30,7,,,
"Poniedziałek - Góra","7 Sep 2026, 19:01","7 Sep 2026, 21:21","","Rear Delt Reverse Fly (Machine)",,"",1,"failure",22.5,13,,,
"Poniedziałek - Góra","7 Sep 2026, 19:01","7 Sep 2026, 21:21","","Bicep Curl (Cable)",0,"",0,"normal",38.75,7,,,
"Poniedziałek - Góra","7 Sep 2026, 19:01","7 Sep 2026, 21:21","","Bicep Curl (Cable)",0,"",1,"failure",30,11,,,
"Poniedziałek - Góra","7 Sep 2026, 19:01","7 Sep 2026, 21:21","","Triceps Rope Pushdown",0,"",0,"normal",38.75,8,,,
"Poniedziałek - Góra","7 Sep 2026, 19:01","7 Sep 2026, 21:21","","Triceps Rope Pushdown",0,"",1,"failure",30,11,,,
"Gdy brak czasu ci doskwiera, szybka sobota cię sponiewiera.","5 Sep 2026, 14:55","5 Sep 2026, 16:20","","Hack Squat (Machine) Kapelanka",,"",0,"normal",159.5,10,,,
"Gdy brak czasu ci doskwiera, szybka sobota cię sponiewiera.","5 Sep 2026, 14:55","5 Sep 2026, 16:20","","Hack Squat (Machine) Kapelanka",,"",1,"normal",162,9,,,
"Gdy brak czasu ci doskwiera, szybka sobota cię sponiewiera.","5 Sep 2026, 14:55","5 Sep 2026, 16:20","","Hack Squat (Machine) Kapelanka",,"",2,"normal",164.5,8,,,
"Gdy brak czasu ci doskwiera, szybka sobota cię sponiewiera.","5 Sep 2026, 14:55","5 Sep 2026, 16:20","","Leg Extension (Machine) Kapelanka",0,"",0,"normal",105.5,10,,,
"Gdy brak czasu ci doskwiera, szybka sobota cię sponiewiera.","5 Sep 2026, 14:55","5 Sep 2026, 16:20","","Leg Extension (Machine) Kapelanka",0,"",1,"normal",108,10,,,
"Gdy brak czasu ci doskwiera, szybka sobota cię sponiewiera.","5 Sep 2026, 14:55","5 Sep 2026, 16:20","","Leg Extension (Machine) Kapelanka",0,"",2,"normal",110,10,,,
"Gdy brak czasu ci doskwiera, szybka sobota cię sponiewiera.","5 Sep 2026, 14:55","5 Sep 2026, 16:20","","Lying Leg Curl (Machine) Kapelanka",0,"",0,"normal",76.5,10,,,
"Gdy brak czasu ci doskwiera, szybka sobota cię sponiewiera.","5 Sep 2026, 14:55","5 Sep 2026, 16:20","","Lying Leg Curl (Machine) Kapelanka",0,"",1,"normal",79,10,,,
"Gdy brak czasu ci doskwiera, szybka sobota cię sponiewiera.","5 Sep 2026, 14:55","5 Sep 2026, 16:20","","Lying Leg Curl (Machine) Kapelanka",0,"",2,"normal",81,10,,,
"Gdy brak czasu ci doskwiera, szybka sobota cię sponiewiera.","5 Sep 2026, 14:55","5 Sep 2026, 16:20","","Leg Raise Parallel Bars",,"",0,"normal",,20,,,
"Gdy brak czasu ci doskwiera, szybka sobota cię sponiewiera.","5 Sep 2026, 14:55","5 Sep 2026, 16:20","","Leg Raise Parallel Bars",,"",1,"normal",,18,,,
"Gdy brak czasu ci doskwiera, szybka sobota cię sponiewiera.","5 Sep 2026, 14:55","5 Sep 2026, 16:20","","Leg Raise Parallel Bars",,"",2,"normal",,16,,,
"Gdy brak czasu ci doskwiera, szybka sobota cię sponiewiera.","5 Sep 2026, 14:55","5 Sep 2026, 16:20","","Cable Crunch - Wyciąg Kapelanka - Na Podwyższeniu 15cm",,"",0,"normal",47.25,13,,,
"Gdy brak czasu ci doskwiera, szybka sobota cię sponiewiera.","5 Sep 2026, 14:55","5 Sep 2026, 16:20","","Cable Crunch - Wyciąg Kapelanka - Na Podwyższeniu 15cm",,"",1,"normal",47.75,12,,,
"Gdy brak czasu ci doskwiera, szybka sobota cię sponiewiera.","5 Sep 2026, 14:55","5 Sep 2026, 16:20","","Cable Crunch - Wyciąg Kapelanka - Na Podwyższeniu 15cm",,"",2,"normal",48.25,12,,,
"Piątek - Barki i łapy","4 Sep 2026, 19:10","4 Sep 2026, 21:27","","Overhead Press (Smith Machine)",,"",0,"normal",72.5,8,,,
"Piątek - Barki i łapy","4 Sep 2026, 19:10","4 Sep 2026, 21:27","","Overhead Press (Smith Machine)",,"",1,"normal",77.5,6,,,
"Piątek - Barki i łapy","4 Sep 2026, 19:10","4 Sep 2026, 21:27","","Overhead Press (Smith Machine)",,"",2,"failure",82.5,3,,,
"Piątek - Barki i łapy","4 Sep 2026, 19:10","4 Sep 2026, 21:27","","Overhead Press (Smith Machine)",,"",3,"failure",62.5,11,,,
"Piątek - Barki i łapy","4 Sep 2026, 19:10","4 Sep 2026, 21:27","","Lateral Raise (Dumbbell)",,"Troche egifting w drugiej serii, ale chuj trzeba probowac.",0,"normal",17.5,14,,,
"Piątek - Barki i łapy","4 Sep 2026, 19:10","4 Sep 2026, 21:27","","Lateral Raise (Dumbbell)",,"Troche egifting w drugiej serii, ale chuj trzeba probowac.",1,"failure",20,9,,,
"Piątek - Barki i łapy","4 Sep 2026, 19:10","4 Sep 2026, 21:27","","Single Arm Lateral Raise (Cable)",,"",0,"normal",11.25,12,,,
"Piątek - Barki i łapy","4 Sep 2026, 19:10","4 Sep 2026, 21:27","","Single Arm Lateral Raise (Cable)",,"",1,"normal",12.5,7,,,
"Piątek - Barki i łapy","4 Sep 2026, 19:10","4 Sep 2026, 21:27","","Face Pull",,"",0,"normal",38.75,13,,,
"Piątek - Barki i łapy","4 Sep 2026, 19:10","4 Sep 2026, 21:27","","Face Pull",,"",1,"normal",40,12,,,
"Piątek - Barki i łapy","4 Sep 2026, 19:10","4 Sep 2026, 21:27","","Face Pull",,"",2,"normal",41.25,11,,,
"Piątek - Barki i łapy","4 Sep 2026, 19:10","4 Sep 2026, 21:27","","Face Pull",,"",3,"failure",32.5,20,,,
"Piątek - Barki i łapy","4 Sep 2026, 19:10","4 Sep 2026, 21:27","","Preacher Curl (Machine)",,"",0,"normal",57.5,8,,,
"Piątek - Barki i łapy","4 Sep 2026, 19:10","4 Sep 2026, 21:27","","Preacher Curl (Machine)",,"",1,"normal",60,6,,,
"Piątek - Barki i łapy","4 Sep 2026, 19:10","4 Sep 2026, 21:27","","Preacher Curl (Machine)",,"",2,"failure",46.25,8,,,
"Piątek - Barki i łapy","4 Sep 2026, 19:10","4 Sep 2026, 21:27","","Skullcrusher (Dumbbell)",,"",0,"normal",20,10,,,
"Piątek - Barki i łapy","4 Sep 2026, 19:10","4 Sep 2026, 21:27","","Skullcrusher (Dumbbell)",,"",1,"normal",22.5,6,,,
"Piątek - Barki i łapy","4 Sep 2026, 19:10","4 Sep 2026, 21:27","","Skullcrusher (Dumbbell)",,"",2,"failure",17.5,13,,,
"Piątek - Barki i łapy","4 Sep 2026, 19:10","4 Sep 2026, 21:27","","Seated Incline Curl (Dumbbell)",0,"",0,"normal",20,10,,,
"Piątek - Barki i łapy","4 Sep 2026, 19:10","4 Sep 2026, 21:27","","Seated Incline Curl (Dumbbell)",0,"",1,"failure",15,12,,,
"Piątek - Barki i łapy","4 Sep 2026, 19:10","4 Sep 2026, 21:27","","Triceps Pushdown V-Grip",0,"",0,"normal",50,7,,,
"Piątek - Barki i łapy","4 Sep 2026, 19:10","4 Sep 2026, 21:27","","Triceps Pushdown V-Grip",0,"",1,"failure",38.75,12,,,
"Piątek - Barki i łapy","4 Sep 2026, 19:10","4 Sep 2026, 21:27","","Hammer Curl (Cable)",1,"",0,"normal",41.25,8,,,
"Piątek - Barki i łapy","4 Sep 2026, 19:10","4 Sep 2026, 21:27","","Hammer Curl (Cable)",1,"",1,"failure",31.25,11,,,
"Piątek - Barki i łapy","4 Sep 2026, 19:10","4 Sep 2026, 21:27","","Single Arm Triceps Pushdown (Cable) (Catana)",1,"",0,"normal",15,6,,,
"Piątek - Barki i łapy","4 Sep 2026, 19:10","4 Sep 2026, 21:27","","Single Arm Triceps Pushdown (Cable) (Catana)",1,"",1,"failure",11.25,12,,,
"Czwartek - Góra - Hiperchujnia","3 Sep 2026, 18:41","3 Sep 2026, 20:55","","Feet Up Bench Press (Barbell)",,"W drugiej serii, nie wiem czy zrobilem 7 czy 8, wiec wpisuje 7. Mi sie wydawalo ze 8, kolega co spotował że 7.",0,"normal",91.5,9,,,
"Czwartek - Góra - Hiperchujnia","3 Sep 2026, 18:41","3 Sep 2026, 20:55","","Feet Up Bench Press (Barbell)",,"W drugiej serii, nie wiem czy zrobilem 7 czy 8, wiec wpisuje 7. Mi sie wydawalo ze 8, kolega co spotował że 7.",1,"normal",94,7,,,
"Czwartek - Góra - Hiperchujnia","3 Sep 2026, 18:41","3 Sep 2026, 20:55","","Feet Up Bench Press (Barbell)",,"W drugiej serii, nie wiem czy zrobilem 7 czy 8, wiec wpisuje 7. Mi sie wydawalo ze 8, kolega co spotował że 7.",2,"normal",96.5,6,,,
"Czwartek - Góra - Hiperchujnia","3 Sep 2026, 18:41","3 Sep 2026, 20:55","","Lat Pulldown - Close Grip (Cable)",,"Ostatnia seria - scisla izolacja.",0,"normal",106.5,10,,,
"Czwartek - Góra - Hiperchujnia","3 Sep 2026, 18:41","3 Sep 2026, 20:55","","Lat Pulldown - Close Grip (Cable)",,"Ostatnia seria - scisla izolacja.",1,"normal",110,9,,,
"Czwartek - Góra - Hiperchujnia","3 Sep 2026, 18:41","3 Sep 2026, 20:55","","Lat Pulldown - Close Grip (Cable)",,"Ostatnia seria - scisla izolacja.",2,"normal",113.5,7,,,
"Czwartek - Góra - Hiperchujnia","3 Sep 2026, 18:41","3 Sep 2026, 20:55","","Lat Pulldown - Close Grip (Cable)",,"Ostatnia seria - scisla izolacja.",3,"failure",86.5,12,,,
"Czwartek - Góra - Hiperchujnia","3 Sep 2026, 18:41","3 Sep 2026, 20:55","","Incline Chest Press (Machine)",,"",0,"normal",115,8,,,
"Czwartek - Góra - Hiperchujnia","3 Sep 2026, 18:41","3 Sep 2026, 20:55","","Incline Chest Press (Machine)",,"",1,"normal",117.5,6,,,
"Czwartek - Góra - Hiperchujnia","3 Sep 2026, 18:41","3 Sep 2026, 20:55","","Incline Chest Press (Machine)",,"",2,"normal",120,5,,,
"Czwartek - Góra - Hiperchujnia","3 Sep 2026, 18:41","3 Sep 2026, 20:55","","Incline Chest Press (Machine)",,"",3,"failure",91,12,,,
"Czwartek - Góra - Hiperchujnia","3 Sep 2026, 18:41","3 Sep 2026, 20:55","","Iso-Lateral High Row (Machine)",,"Ostatnia seria - scisla izolacja.",0,"normal",155,10,,,
"Czwartek - Góra - Hiperchujnia","3 Sep 2026, 18:41","3 Sep 2026, 20:55","","Iso-Lateral High Row (Machine)",,"Ostatnia seria - scisla izolacja.",1,"normal",165,8,,,
"Czwartek - Góra - Hiperchujnia","3 Sep 2026, 18:41","3 Sep 2026, 20:55","","Iso-Lateral High Row (Machine)",,"Ostatnia seria - scisla izolacja.",2,"failure",125,15,,,
"Czwartek - Góra - Hiperchujnia","3 Sep 2026, 18:41","3 Sep 2026, 20:55","","Butterfly (Pec Deck)",,"Ostatnia seria - scisla izolacja.",0,"normal",117,11,,,
"Czwartek - Góra - Hiperchujnia","3 Sep 2026, 18:41","3 Sep 2026, 20:55","","Butterfly (Pec Deck)",,"Ostatnia seria - scisla izolacja.",1,"normal",119.5,8,,,
"Czwartek - Góra - Hiperchujnia","3 Sep 2026, 18:41","3 Sep 2026, 20:55","","Butterfly (Pec Deck)",,"Ostatnia seria - scisla izolacja.",2,"failure",90,10,,,
"Czwartek - Góra - Hiperchujnia","3 Sep 2026, 18:41","3 Sep 2026, 20:55","","Pullover (Machine)",,"Ostatnia seria - scisla izolacja.",0,"normal",115,12,,,
"Czwartek - Góra - Hiperchujnia","3 Sep 2026, 18:41","3 Sep 2026, 20:55","","Pullover (Machine)",,"Ostatnia seria - scisla izolacja.",1,"normal",120,10,,,
"Czwartek - Góra - Hiperchujnia","3 Sep 2026, 18:41","3 Sep 2026, 20:55","","Pullover (Machine)",,"Ostatnia seria - scisla izolacja.",2,"normal",125,8,,,
"Środa - Dzień cardio","2 Sep 2026, 18:35","2 Sep 2026, 19:35","","Treadmill",,"",0,"normal",,,4.76,3600,
"Wtorek - Dół","1 Sep 2026, 19:10","1 Sep 2026, 21:28","","Warm Up",,"",0,"normal",,,,1020,
"Wtorek - Dół","1 Sep 2026, 19:10","1 Sep 2026, 21:28","","Front Squat",,"W ostatniej serii - 1 powtorzenie troszke za plytko, ale powiedzmy ze seria zrobiona i pol kilo dolozone. Na redukcji trzeba wybaczyc.",0,"normal",109,4,,,
"Wtorek - Dół","1 Sep 2026, 19:10","1 Sep 2026, 21:28","","Front Squat",,"W ostatniej serii - 1 powtorzenie troszke za plytko, ale powiedzmy ze seria zrobiona i pol kilo dolozone. Na redukcji trzeba wybaczyc.",1,"normal",114,3,,,
"Wtorek - Dół","1 Sep 2026, 19:10","1 Sep 2026, 21:28","","Front Squat",,"W ostatniej serii - 1 powtorzenie troszke za plytko, ale powiedzmy ze seria zrobiona i pol kilo dolozone. Na redukcji trzeba wybaczyc.",2,"normal",119,2,,,
"Wtorek - Dół","1 Sep 2026, 19:10","1 Sep 2026, 21:28","","Romanian Deadlift (Barbell)",,"",0,"normal",140,8,,,
"Wtorek - Dół","1 Sep 2026, 19:10","1 Sep 2026, 21:28","","Romanian Deadlift (Barbell)",,"",1,"normal",150,7,,,
"Wtorek - Dół","1 Sep 2026, 19:10","1 Sep 2026, 21:28","","Romanian Deadlift (Barbell)",,"",2,"normal",160,6,,,
"Wtorek - Dół","1 Sep 2026, 19:10","1 Sep 2026, 21:28","","Belt Squat (Machine)",,"",0,"normal",205,12,,,
"Wtorek - Dół","1 Sep 2026, 19:10","1 Sep 2026, 21:28","","Belt Squat (Machine)",,"",1,"normal",215,11,,,
"Wtorek - Dół","1 Sep 2026, 19:10","1 Sep 2026, 21:28","","Belt Squat (Machine)",,"",2,"normal",225,10,,,
"Wtorek - Dół","1 Sep 2026, 19:10","1 Sep 2026, 21:28","","Leg Extension (Machine)",0,"Ostatnia seria - scisla izolacja.",0,"normal",107.5,10,,,
"Wtorek - Dół","1 Sep 2026, 19:10","1 Sep 2026, 21:28","","Leg Extension (Machine)",0,"Ostatnia seria - scisla izolacja.",1,"normal",110,10,,,
"Wtorek - Dół","1 Sep 2026, 19:10","1 Sep 2026, 21:28","","Leg Extension (Machine)",0,"Ostatnia seria - scisla izolacja.",2,"failure",82.5,13,,,
"Wtorek - Dół","1 Sep 2026, 19:10","1 Sep 2026, 21:28","","Seated Leg Curl (Machine)",0,"Ostatnia seria - scisla izolacja.",0,"normal",80,10,,,
"Wtorek - Dół","1 Sep 2026, 19:10","1 Sep 2026, 21:28","","Seated Leg Curl (Machine)",0,"Ostatnia seria - scisla izolacja.",1,"normal",85,8,,,
"Wtorek - Dół","1 Sep 2026, 19:10","1 Sep 2026, 21:28","","Seated Leg Curl (Machine)",0,"Ostatnia seria - scisla izolacja.",2,"failure",65,14,,,
"Wtorek - Dół","1 Sep 2026, 19:10","1 Sep 2026, 21:28","","Hip Adduction (Machine)",,"",0,"normal",100,14,,,
"Wtorek - Dół","1 Sep 2026, 19:10","1 Sep 2026, 21:28","","Hip Adduction (Machine)",,"",1,"failure",100,13,,,
"Wtorek - Dół","1 Sep 2026, 19:10","1 Sep 2026, 21:28","","Cable Crunch",,"Ostatnia seria - scisla izolacja.",0,"normal",58.75,13,,,
"Wtorek - Dół","1 Sep 2026, 19:10","1 Sep 2026, 21:28","","Cable Crunch",,"Ostatnia seria - scisla izolacja.",1,"normal",60,10,,,
"Wtorek - Dół","1 Sep 2026, 19:10","1 Sep 2026, 21:28","","Cable Crunch",,"Ostatnia seria - scisla izolacja.",2,"failure",47.5,17,,,
"Wtorek - Dół","1 Sep 2026, 19:10","1 Sep 2026, 21:28","","Cable Core Pallof Press",,"Ostatnia seria - scisla izolacja.",0,"normal",31.25,7,,,
"Wtorek - Dół","1 Sep 2026, 19:10","1 Sep 2026, 21:28","","Cable Core Pallof Press",,"Ostatnia seria - scisla izolacja.",1,"failure",23.75,10,,,
"Poniedziałek - Góra","31 Aug 2026, 19:04","31 Aug 2026, 21:39","Chudy szczur, czy szczur bojowy","Bench Press (Barbell)",,"W ostatniej, czwarte na zachete, zeby se szmaciura (ławka) nie myslala ze sie poddam.",0,"normal",97.5,7,,,
"Poniedziałek - Góra","31 Aug 2026, 19:04","31 Aug 2026, 21:39","Chudy szczur, czy szczur bojowy","Bench Press (Barbell)",,"W ostatniej, czwarte na zachete, zeby se szmaciura (ławka) nie myslala ze sie poddam.",1,"normal",100,6,,,
"Poniedziałek - Góra","31 Aug 2026, 19:04","31 Aug 2026, 21:39","Chudy szczur, czy szczur bojowy","Bench Press (Barbell)",,"W ostatniej, czwarte na zachete, zeby se szmaciura (ławka) nie myslala ze sie poddam.",2,"normal",102.5,4,,,
"Poniedziałek - Góra","31 Aug 2026, 19:04","31 Aug 2026, 21:39","Chudy szczur, czy szczur bojowy","Bench Press (Barbell)",,"W ostatniej, czwarte na zachete, zeby se szmaciura (ławka) nie myslala ze sie poddam.",3,"failure",105,3,,,
"Poniedziałek - Góra","31 Aug 2026, 19:04","31 Aug 2026, 21:39","Chudy szczur, czy szczur bojowy","Pull Up (Weighted)",,"",0,"normal",7.5,10,,,
"Poniedziałek - Góra","31 Aug 2026, 19:04","31 Aug 2026, 21:39","Chudy szczur, czy szczur bojowy","Pull Up (Weighted)",,"",1,"normal",10,9,,,
"Poniedziałek - Góra","31 Aug 2026, 19:04","31 Aug 2026, 21:39","Chudy szczur, czy szczur bojowy","Pull Up (Weighted)",,"",2,"normal",12.5,6,,,
"Poniedziałek - Góra","31 Aug 2026, 19:04","31 Aug 2026, 21:39","Chudy szczur, czy szczur bojowy","Pull Up (Weighted)",,"",3,"failure",15,5,,,
"Poniedziałek - Góra","31 Aug 2026, 19:04","31 Aug 2026, 21:39","Chudy szczur, czy szczur bojowy","Incline Bench Press (Smith Machine)",,"Nigdy nie zrobie 80 na 8 na redukcji. :/\nAle za to nie wiem jakim cudem 85 na 5.\nOstatni seria - scisla izolcja.",0,"normal",80,7,,,
"Poniedziałek - Góra","31 Aug 2026, 19:04","31 Aug 2026, 21:39","Chudy szczur, czy szczur bojowy","Incline Bench Press (Smith Machine)",,"Nigdy nie zrobie 80 na 8 na redukcji. :/\nAle za to nie wiem jakim cudem 85 na 5.\nOstatni seria - scisla izolcja.",1,"normal",85,5,,,
"Poniedziałek - Góra","31 Aug 2026, 19:04","31 Aug 2026, 21:39","Chudy szczur, czy szczur bojowy","Incline Bench Press (Smith Machine)",,"Nigdy nie zrobie 80 na 8 na redukcji. :/\nAle za to nie wiem jakim cudem 85 na 5.\nOstatni seria - scisla izolcja.",2,"failure",66,13,,,
"Poniedziałek - Góra","31 Aug 2026, 19:04","31 Aug 2026, 21:39","Chudy szczur, czy szczur bojowy","T Bar Row",,"Ostatni seria - scisla izolcja.",0,"normal",73.75,10,,,
"Poniedziałek - Góra","31 Aug 2026, 19:04","31 Aug 2026, 21:39","Chudy szczur, czy szczur bojowy","T Bar Row",,"Ostatni seria - scisla izolcja.",1,"failure",78.75,7,,,
"Poniedziałek - Góra","31 Aug 2026, 19:04","31 Aug 2026, 21:39","Chudy szczur, czy szczur bojowy","T Bar Row",,"Ostatni seria - scisla izolcja.",2,"failure",61.25,16,,,
"Poniedziałek - Góra","31 Aug 2026, 19:04","31 Aug 2026, 21:39","Chudy szczur, czy szczur bojowy","Low Cable Fly Crossovers",,"Ostatni seria - scisla izolcja.",0,"normal",19.25,12,,,
"Poniedziałek - Góra","31 Aug 2026, 19:04","31 Aug 2026, 21:39","Chudy szczur, czy szczur bojowy","Low Cable Fly Crossovers",,"Ostatni seria - scisla izolcja.",1,"normal",20.5,8,,,
"Poniedziałek - Góra","31 Aug 2026, 19:04","31 Aug 2026, 21:39","Chudy szczur, czy szczur bojowy","Low Cable Fly Crossovers",,"Ostatni seria - scisla izolcja.",2,"failure",15.5,12,,,
"Poniedziałek - Góra","31 Aug 2026, 19:04","31 Aug 2026, 21:39","Chudy szczur, czy szczur bojowy","Single Arm Cable Row",,"Ostatni seria - scisla izolcja.",0,"normal",62.5,10,,,
"Poniedziałek - Góra","31 Aug 2026, 19:04","31 Aug 2026, 21:39","Chudy szczur, czy szczur bojowy","Single Arm Cable Row",,"Ostatni seria - scisla izolcja.",1,"normal",65,8,,,
"Poniedziałek - Góra","31 Aug 2026, 19:04","31 Aug 2026, 21:39","Chudy szczur, czy szczur bojowy","Single Arm Cable Row",,"Ostatni seria - scisla izolcja.",2,"failure",49.25,13,,,
"Poniedziałek - Góra","31 Aug 2026, 19:04","31 Aug 2026, 21:39","Chudy szczur, czy szczur bojowy","Lateral Raise (Machine)",,"Ostatni seria - scisla izolcja.",0,"normal",67.5,6,,,
"Poniedziałek - Góra","31 Aug 2026, 19:04","31 Aug 2026, 21:39","Chudy szczur, czy szczur bojowy","Lateral Raise (Machine)",,"Ostatni seria - scisla izolcja.",1,"failure",50,13,,,
"Poniedziałek - Góra","31 Aug 2026, 19:04","31 Aug 2026, 21:39","Chudy szczur, czy szczur bojowy","Rear Delt Reverse Fly (Machine)",,"Ostatni seria - scisla izolcja.",0,"normal",30,6,,,
"Poniedziałek - Góra","31 Aug 2026, 19:04","31 Aug 2026, 21:39","Chudy szczur, czy szczur bojowy","Rear Delt Reverse Fly (Machine)",,"Ostatni seria - scisla izolcja.",1,"failure",22.5,12,,,
"Poniedziałek - Góra","31 Aug 2026, 19:04","31 Aug 2026, 21:39","Chudy szczur, czy szczur bojowy","Bicep Curl (Cable)",0,"Ostatni seria - scisla izolcja.",0,"normal",38,8,,,
"Poniedziałek - Góra","31 Aug 2026, 19:04","31 Aug 2026, 21:39","Chudy szczur, czy szczur bojowy","Bicep Curl (Cable)",0,"Ostatni seria - scisla izolcja.",1,"failure",29.5,12,,,
"Poniedziałek - Góra","31 Aug 2026, 19:04","31 Aug 2026, 21:39","Chudy szczur, czy szczur bojowy","Triceps Rope Pushdown",0,"Ostatni seria - scisla izolcja.",0,"normal",38,8,,,
"Poniedziałek - Góra","31 Aug 2026, 19:04","31 Aug 2026, 21:39","Chudy szczur, czy szczur bojowy","Triceps Rope Pushdown",0,"Ostatni seria - scisla izolcja.",1,"failure",29.5,12,,,
"Gdy brak czasu ci doskwiera, szybka sobota cię sponiewiera.","29 Aug 2026, 14:46","29 Aug 2026, 15:58","Redukcja","Hack Squat (Machine) Kapelanka",,"",0,"normal",157,10,,,
"Gdy brak czasu ci doskwiera, szybka sobota cię sponiewiera.","29 Aug 2026, 14:46","29 Aug 2026, 15:58","Redukcja","Hack Squat (Machine) Kapelanka",,"",1,"normal",159.5,9,,,
"Gdy brak czasu ci doskwiera, szybka sobota cię sponiewiera.","29 Aug 2026, 14:46","29 Aug 2026, 15:58","Redukcja","Hack Squat (Machine) Kapelanka",,"",2,"normal",162,8,,,
"Gdy brak czasu ci doskwiera, szybka sobota cię sponiewiera.","29 Aug 2026, 14:46","29 Aug 2026, 15:58","Redukcja","Leg Extension (Machine) Kapelanka",0,"",0,"normal",103,10,,,
"Gdy brak czasu ci doskwiera, szybka sobota cię sponiewiera.","29 Aug 2026, 14:46","29 Aug 2026, 15:58","Redukcja","Leg Extension (Machine) Kapelanka",0,"",1,"normal",105.5,10,,,
"Gdy brak czasu ci doskwiera, szybka sobota cię sponiewiera.","29 Aug 2026, 14:46","29 Aug 2026, 15:58","Redukcja","Leg Extension (Machine) Kapelanka",0,"",2,"normal",108,10,,,
"Gdy brak czasu ci doskwiera, szybka sobota cię sponiewiera.","29 Aug 2026, 14:46","29 Aug 2026, 15:58","Redukcja","Lying Leg Curl (Machine) Kapelanka",0,"",0,"normal",74,10,,,
"Gdy brak czasu ci doskwiera, szybka sobota cię sponiewiera.","29 Aug 2026, 14:46","29 Aug 2026, 15:58","Redukcja","Lying Leg Curl (Machine) Kapelanka",0,"",1,"normal",76.5,10,,,
"Gdy brak czasu ci doskwiera, szybka sobota cię sponiewiera.","29 Aug 2026, 14:46","29 Aug 2026, 15:58","Redukcja","Lying Leg Curl (Machine) Kapelanka",0,"",2,"normal",79,10,,,
"Gdy brak czasu ci doskwiera, szybka sobota cię sponiewiera.","29 Aug 2026, 14:46","29 Aug 2026, 15:58","Redukcja","Hanging Leg Raise",,"",0,"normal",,22,,,
"Gdy brak czasu ci doskwiera, szybka sobota cię sponiewiera.","29 Aug 2026, 14:46","29 Aug 2026, 15:58","Redukcja","Hanging Leg Raise",,"",1,"normal",,20,,,
"Gdy brak czasu ci doskwiera, szybka sobota cię sponiewiera.","29 Aug 2026, 14:46","29 Aug 2026, 15:58","Redukcja","Hanging Leg Raise",,"",2,"normal",,18,,,
"Gdy brak czasu ci doskwiera, szybka sobota cię sponiewiera.","29 Aug 2026, 14:46","29 Aug 2026, 15:58","Redukcja","Cable Crunch - Wyciąg Kapelanka - Na Podwyższeniu 15cm",,"",0,"normal",47.25,12,,,
"Gdy brak czasu ci doskwiera, szybka sobota cię sponiewiera.","29 Aug 2026, 14:46","29 Aug 2026, 15:58","Redukcja","Cable Crunch - Wyciąg Kapelanka - Na Podwyższeniu 15cm",,"",1,"normal",47.25,11,,,
"Gdy brak czasu ci doskwiera, szybka sobota cię sponiewiera.","29 Aug 2026, 14:46","29 Aug 2026, 15:58","Redukcja","Cable Crunch - Wyciąg Kapelanka - Na Podwyższeniu 15cm",,"",2,"normal",47.25,11,,,
"Piątek - Barki i łapy","28 Aug 2026, 19:50","28 Aug 2026, 21:41","","Overhead Press (Smith Machine)",,"Ostatnia seria - scisla izolacja.",0,"normal",72.5,8,,,
"Piątek - Barki i łapy","28 Aug 2026, 19:50","28 Aug 2026, 21:41","","Overhead Press (Smith Machine)",,"Ostatnia seria - scisla izolacja.",1,"normal",77.5,6,,,
"Piątek - Barki i łapy","28 Aug 2026, 19:50","28 Aug 2026, 21:41","","Overhead Press (Smith Machine)",,"Ostatnia seria - scisla izolacja.",2,"normal",82.5,3,,,
"Piątek - Barki i łapy","28 Aug 2026, 19:50","28 Aug 2026, 21:41","","Overhead Press (Smith Machine)",,"Ostatnia seria - scisla izolacja.",3,"failure",62.5,10,,,
"Piątek - Barki i łapy","28 Aug 2026, 19:50","28 Aug 2026, 21:41","","Lateral Raise (Dumbbell)",,"",0,"normal",17.5,13,,,
"Piątek - Barki i łapy","28 Aug 2026, 19:50","28 Aug 2026, 21:41","","Lateral Raise (Dumbbell)",,"",1,"failure",17.5,13,,,
"Piątek - Barki i łapy","28 Aug 2026, 19:50","28 Aug 2026, 21:41","","Single Arm Lateral Raise (Cable)",,"",0,"normal",11.25,11,,,
"Piątek - Barki i łapy","28 Aug 2026, 19:50","28 Aug 2026, 21:41","","Single Arm Lateral Raise (Cable)",,"",1,"normal",12.5,7,,,
"Piątek - Barki i łapy","28 Aug 2026, 19:50","28 Aug 2026, 21:41","","Face Pull",,"Ostatnia seria - scisla izolacja.",0,"normal",37.5,13,,,
"Piątek - Barki i łapy","28 Aug 2026, 19:50","28 Aug 2026, 21:41","","Face Pull",,"Ostatnia seria - scisla izolacja.",1,"normal",38.75,12,,,
"Piątek - Barki i łapy","28 Aug 2026, 19:50","28 Aug 2026, 21:41","","Face Pull",,"Ostatnia seria - scisla izolacja.",2,"normal",40,11,,,
"Piątek - Barki i łapy","28 Aug 2026, 19:50","28 Aug 2026, 21:41","","Face Pull",,"Ostatnia seria - scisla izolacja.",3,"failure",31.25,20,,,
"Piątek - Barki i łapy","28 Aug 2026, 19:50","28 Aug 2026, 21:41","","Preacher Curl (Machine)",,"Ostatnia seria - scisla izolacja.",0,"normal",56.25,8,,,
"Piątek - Barki i łapy","28 Aug 2026, 19:50","28 Aug 2026, 21:41","","Preacher Curl (Machine)",,"Ostatnia seria - scisla izolacja.",1,"normal",60,5,,,
"Piątek - Barki i łapy","28 Aug 2026, 19:50","28 Aug 2026, 21:41","","Preacher Curl (Machine)",,"Ostatnia seria - scisla izolacja.",2,"failure",45,9,,,
"Piątek - Barki i łapy","28 Aug 2026, 19:50","28 Aug 2026, 21:41","","Skullcrusher (Dumbbell)",,"Ostatnia seria - scisla izolacja.",0,"normal",20,9,,,
"Piątek - Barki i łapy","28 Aug 2026, 19:50","28 Aug 2026, 21:41","","Skullcrusher (Dumbbell)",,"Ostatnia seria - scisla izolacja.",1,"normal",20,8,,,
"Piątek - Barki i łapy","28 Aug 2026, 19:50","28 Aug 2026, 21:41","","Skullcrusher (Dumbbell)",,"Ostatnia seria - scisla izolacja.",2,"failure",15,15,,,
"Piątek - Barki i łapy","28 Aug 2026, 19:50","28 Aug 2026, 21:41","","Seated Incline Curl (Dumbbell)",0,"Ostatnia seria - scisla izolacja.",0,"normal",20,9,,,
"Piątek - Barki i łapy","28 Aug 2026, 19:50","28 Aug 2026, 21:41","","Seated Incline Curl (Dumbbell)",0,"Ostatnia seria - scisla izolacja.",1,"failure",15,11,,,
"Piątek - Barki i łapy","28 Aug 2026, 19:50","28 Aug 2026, 21:41","","Triceps Pushdown V-Grip",0,"Ostatnia seria - scisla izolacja.",0,"normal",48.75,8,,,
"Piątek - Barki i łapy","28 Aug 2026, 19:50","28 Aug 2026, 21:41","","Triceps Pushdown V-Grip",0,"Ostatnia seria - scisla izolacja.",1,"failure",37.5,12,,,
"Piątek - Barki i łapy","28 Aug 2026, 19:50","28 Aug 2026, 21:41","","Hammer Curl (Cable)",1,"Ostatnia seria - scisla izolacja.",0,"normal",41,8,,,
"Piątek - Barki i łapy","28 Aug 2026, 19:50","28 Aug 2026, 21:41","","Hammer Curl (Cable)",1,"Ostatnia seria - scisla izolacja.",1,"failure",31,11,,,
"Piątek - Barki i łapy","28 Aug 2026, 19:50","28 Aug 2026, 21:41","","Single Arm Triceps Pushdown (Cable) (Catana)",1,"Ostatnia seria - scisla izolacja.",0,"normal",15,6,,,
"Piątek - Barki i łapy","28 Aug 2026, 19:50","28 Aug 2026, 21:41","","Single Arm Triceps Pushdown (Cable) (Catana)",1,"Ostatnia seria - scisla izolacja.",1,"failure",11.25,10,,,
"Czwartek - Góra - Hiperchujnia","27 Aug 2026, 18:33","27 Aug 2026, 20:27","","Feet Up Bench Press (Barbell)",,"Brak spadkow.",0,"normal",91,10,,,
"Czwartek - Góra - Hiperchujnia","27 Aug 2026, 18:33","27 Aug 2026, 20:27","","Feet Up Bench Press (Barbell)",,"Brak spadkow.",1,"normal",93.5,7,,,
"Czwartek - Góra - Hiperchujnia","27 Aug 2026, 18:33","27 Aug 2026, 20:27","","Feet Up Bench Press (Barbell)",,"Brak spadkow.",2,"normal",96,5,,,
"Czwartek - Góra - Hiperchujnia","27 Aug 2026, 18:33","27 Aug 2026, 20:27","","Lat Pulldown - Close Grip (Cable)",,"Zakres ruchu trochę do poprawy. Ostatnia seria scisla izolacja.",0,"normal",106.5,10,,,
"Czwartek - Góra - Hiperchujnia","27 Aug 2026, 18:33","27 Aug 2026, 20:27","","Lat Pulldown - Close Grip (Cable)",,"Zakres ruchu trochę do poprawy. Ostatnia seria scisla izolacja.",1,"normal",110,8,,,
"Czwartek - Góra - Hiperchujnia","27 Aug 2026, 18:33","27 Aug 2026, 20:27","","Lat Pulldown - Close Grip (Cable)",,"Zakres ruchu trochę do poprawy. Ostatnia seria scisla izolacja.",2,"normal",113.5,6,,,
"Czwartek - Góra - Hiperchujnia","27 Aug 2026, 18:33","27 Aug 2026, 20:27","","Lat Pulldown - Close Grip (Cable)",,"Zakres ruchu trochę do poprawy. Ostatnia seria scisla izolacja.",3,"failure",85.5,12,,,
"Czwartek - Góra - Hiperchujnia","27 Aug 2026, 18:33","27 Aug 2026, 20:27","","Incline Chest Press (Machine)",,"",0,"normal",112.5,8,,,
"Czwartek - Góra - Hiperchujnia","27 Aug 2026, 18:33","27 Aug 2026, 20:27","","Incline Chest Press (Machine)",,"",1,"normal",115,7,,,
"Czwartek - Góra - Hiperchujnia","27 Aug 2026, 18:33","27 Aug 2026, 20:27","","Incline Chest Press (Machine)",,"",2,"normal",117.5,6,,,
"Czwartek - Góra - Hiperchujnia","27 Aug 2026, 18:33","27 Aug 2026, 20:27","","Incline Chest Press (Machine)",,"",3,"failure",90,12,,,
"Czwartek - Góra - Hiperchujnia","27 Aug 2026, 18:33","27 Aug 2026, 20:27","","Iso-Lateral High Row (Machine)",,"",0,"normal",152.5,10,,,
"Czwartek - Góra - Hiperchujnia","27 Aug 2026, 18:33","27 Aug 2026, 20:27","","Iso-Lateral High Row (Machine)",,"",1,"normal",162.5,8,,,
"Czwartek - Góra - Hiperchujnia","27 Aug 2026, 18:33","27 Aug 2026, 20:27","","Iso-Lateral High Row (Machine)",,"",2,"failure",122.5,15,,,
"Czwartek - Góra - Hiperchujnia","27 Aug 2026, 18:33","27 Aug 2026, 20:27","","Butterfly (Pec Deck)",,"",0,"normal",117,10,,,
"Czwartek - Góra - Hiperchujnia","27 Aug 2026, 18:33","27 Aug 2026, 20:27","","Butterfly (Pec Deck)",,"",1,"normal",119.5,8,,,
"Czwartek - Góra - Hiperchujnia","27 Aug 2026, 18:33","27 Aug 2026, 20:27","","Butterfly (Pec Deck)",,"",2,"failure",89,11,,,
"Czwartek - Góra - Hiperchujnia","27 Aug 2026, 18:33","27 Aug 2026, 20:27","","Pullover (Machine)",,"",0,"normal",112.5,12,,,
"Czwartek - Góra - Hiperchujnia","27 Aug 2026, 18:33","27 Aug 2026, 20:27","","Pullover (Machine)",,"",1,"normal",117.5,10,,,
"Czwartek - Góra - Hiperchujnia","27 Aug 2026, 18:33","27 Aug 2026, 20:27","","Pullover (Machine)",,"",2,"normal",122.5,8,,,
"Środa - Dzień cardio","26 Aug 2026, 16:20","26 Aug 2026, 17:20","","Treadmill",,"",0,"normal",,,4.66,3600,
"Wtorek - Dół","25 Aug 2026, 19:14","25 Aug 2026, 21:39","","Warm Up",,"",0,"normal",,,,960,
"Wtorek - Dół","25 Aug 2026, 19:14","25 Aug 2026, 21:39","","Front Squat",,"Ciezar dzisiaj wyjatkowo ciezki - wszystko na granicy wytrzymalosci.\nAle jakos udalo sie utrzymać.",0,"normal",108.5,4,,,
"Wtorek - Dół","25 Aug 2026, 19:14","25 Aug 2026, 21:39","","Front Squat",,"Ciezar dzisiaj wyjatkowo ciezki - wszystko na granicy wytrzymalosci.\nAle jakos udalo sie utrzymać.",1,"normal",113.5,3,,,
"Wtorek - Dół","25 Aug 2026, 19:14","25 Aug 2026, 21:39","","Front Squat",,"Ciezar dzisiaj wyjatkowo ciezki - wszystko na granicy wytrzymalosci.\nAle jakos udalo sie utrzymać.",2,"normal",118.5,2,,,
"Wtorek - Dół","25 Aug 2026, 19:14","25 Aug 2026, 21:39","","Romanian Deadlift (Barbell)",,"",0,"normal",137.5,9,,,
"Wtorek - Dół","25 Aug 2026, 19:14","25 Aug 2026, 21:39","","Romanian Deadlift (Barbell)",,"",1,"normal",147.5,8,,,
"Wtorek - Dół","25 Aug 2026, 19:14","25 Aug 2026, 21:39","","Romanian Deadlift (Barbell)",,"",2,"normal",157.5,6,,,
"Wtorek - Dół","25 Aug 2026, 19:14","25 Aug 2026, 21:39","","Belt Squat (Machine)",,"",0,"normal",200,12,,,
"Wtorek - Dół","25 Aug 2026, 19:14","25 Aug 2026, 21:39","","Belt Squat (Machine)",,"",1,"normal",210,11,,,
"Wtorek - Dół","25 Aug 2026, 19:14","25 Aug 2026, 21:39","","Belt Squat (Machine)",,"",2,"normal",220,10,,,
"Wtorek - Dół","25 Aug 2026, 19:14","25 Aug 2026, 21:39","","Leg Extension (Machine)",0,"",0,"normal",105,11,,,
"Wtorek - Dół","25 Aug 2026, 19:14","25 Aug 2026, 21:39","","Leg Extension (Machine)",0,"",1,"normal",107.5,10,,,
"Wtorek - Dół","25 Aug 2026, 19:14","25 Aug 2026, 21:39","","Leg Extension (Machine)",0,"",2,"failure",80,12,,,
"Wtorek - Dół","25 Aug 2026, 19:14","25 Aug 2026, 21:39","","Seated Leg Curl (Machine)",0,"",0,"normal",77.5,10,,,
"Wtorek - Dół","25 Aug 2026, 19:14","25 Aug 2026, 21:39","","Seated Leg Curl (Machine)",0,"",1,"normal",82.5,8,,,
"Wtorek - Dół","25 Aug 2026, 19:14","25 Aug 2026, 21:39","","Seated Leg Curl (Machine)",0,"",2,"failure",62.5,15,,,
"Wtorek - Dół","25 Aug 2026, 19:14","25 Aug 2026, 21:39","","Hip Adduction (Machine)",,"",0,"normal",100,13,,,
"Wtorek - Dół","25 Aug 2026, 19:14","25 Aug 2026, 21:39","","Hip Adduction (Machine)",,"",1,"failure",100,13,,,
"Wtorek - Dół","25 Aug 2026, 19:14","25 Aug 2026, 21:39","","Cable Crunch",,"",0,"normal",57.5,13,,,
"Wtorek - Dół","25 Aug 2026, 19:14","25 Aug 2026, 21:39","","Cable Crunch",,"",1,"normal",58.75,12,,,
"Wtorek - Dół","25 Aug 2026, 19:14","25 Aug 2026, 21:39","","Cable Crunch",,"",2,"failure",46.25,17,,,
"Wtorek - Dół","25 Aug 2026, 19:14","25 Aug 2026, 21:39","","Cable Core Pallof Press",,"",0,"normal",30,8,,,
"Wtorek - Dół","25 Aug 2026, 19:14","25 Aug 2026, 21:39","","Cable Core Pallof Press",,"",1,"normal",30,8,,,
"Poniedziałek - Góra","24 Aug 2026, 19:09","24 Aug 2026, 22:12","","Bench Press (Barbell)",,"",0,"normal",97.5,7,,,
"Poniedziałek - Góra","24 Aug 2026, 19:09","24 Aug 2026, 22:12","","Bench Press (Barbell)",,"",1,"normal",100,6,,,
"Poniedziałek - Góra","24 Aug 2026, 19:09","24 Aug 2026, 22:12","","Bench Press (Barbell)",,"",2,"normal",102.5,4,,,
"Poniedziałek - Góra","24 Aug 2026, 19:09","24 Aug 2026, 22:12","","Bench Press (Barbell)",,"",3,"normal",105,3,,,
"Poniedziałek - Góra","24 Aug 2026, 19:09","24 Aug 2026, 22:12","","Pull Up (Weighted)",,"",0,"normal",5,11,,,
"Poniedziałek - Góra","24 Aug 2026, 19:09","24 Aug 2026, 22:12","","Pull Up (Weighted)",,"",1,"normal",7.5,9,,,
"Poniedziałek - Góra","24 Aug 2026, 19:09","24 Aug 2026, 22:12","","Pull Up (Weighted)",,"",2,"normal",10,8,,,
"Poniedziałek - Góra","24 Aug 2026, 19:09","24 Aug 2026, 22:12","","Pull Up (Weighted)",,"",3,"normal",12.5,6,,,
"Poniedziałek - Góra","24 Aug 2026, 19:09","24 Aug 2026, 22:12","","Incline Bench Press (Smith Machine)",,"",0,"normal",80,7,,,
"Poniedziałek - Góra","24 Aug 2026, 19:09","24 Aug 2026, 22:12","","Incline Bench Press (Smith Machine)",,"",1,"normal",85,4,,,
"Poniedziałek - Góra","24 Aug 2026, 19:09","24 Aug 2026, 22:12","","Incline Bench Press (Smith Machine)",,"",2,"failure",65,12,,,
"Poniedziałek - Góra","24 Aug 2026, 19:09","24 Aug 2026, 22:12","","T Bar Row",,"Ostatnia seria - scisla izolacja",0,"normal",73.75,9,,,
"Poniedziałek - Góra","24 Aug 2026, 19:09","24 Aug 2026, 22:12","","T Bar Row",,"Ostatnia seria - scisla izolacja",1,"normal",78.75,6,,,
"Poniedziałek - Góra","24 Aug 2026, 19:09","24 Aug 2026, 22:12","","T Bar Row",,"Ostatnia seria - scisla izolacja",2,"failure",60,16,,,
"Poniedziałek - Góra","24 Aug 2026, 19:09","24 Aug 2026, 22:12","","Low Cable Fly Crossovers",,"Ostatnia seria - scisla izolacja",0,"normal",18.75,12,,,
"Poniedziałek - Góra","24 Aug 2026, 19:09","24 Aug 2026, 22:12","","Low Cable Fly Crossovers",,"Ostatnia seria - scisla izolacja",1,"normal",20,8,,,
"Poniedziałek - Góra","24 Aug 2026, 19:09","24 Aug 2026, 22:12","","Low Cable Fly Crossovers",,"Ostatnia seria - scisla izolacja",2,"failure",15,12,,,
"Poniedziałek - Góra","24 Aug 2026, 19:09","24 Aug 2026, 22:12","","Single Arm Cable Row",,"Ostatnia seria - scisla izolacja",0,"normal",60,11,,,
"Poniedziałek - Góra","24 Aug 2026, 19:09","24 Aug 2026, 22:12","","Single Arm Cable Row",,"Ostatnia seria - scisla izolacja",1,"normal",62.5,9,,,
"Poniedziałek - Góra","24 Aug 2026, 19:09","24 Aug 2026, 22:12","","Single Arm Cable Row",,"Ostatnia seria - scisla izolacja",2,"failure",48.75,12,,,
"Poniedziałek - Góra","24 Aug 2026, 19:09","24 Aug 2026, 22:12","","Lateral Raise (Machine)",,"Ostatnia seria - scisla izolacja",0,"normal",67.5,6,,,
"Poniedziałek - Góra","24 Aug 2026, 19:09","24 Aug 2026, 22:12","","Lateral Raise (Machine)",,"Ostatnia seria - scisla izolacja",1,"failure",50,12,,,
"Poniedziałek - Góra","24 Aug 2026, 19:09","24 Aug 2026, 22:12","","Rear Delt Reverse Fly (Machine)",,"Pierwsza seria - do poprawy techinka. \nOstatnia seria - scisla izolacja.",0,"normal",30,6,,,
"Poniedziałek - Góra","24 Aug 2026, 19:09","24 Aug 2026, 22:12","","Rear Delt Reverse Fly (Machine)",,"Pierwsza seria - do poprawy techinka. \nOstatnia seria - scisla izolacja.",1,"failure",22.5,11,,,
"Poniedziałek - Góra","24 Aug 2026, 19:09","24 Aug 2026, 22:12","","Bicep Curl (Cable)",0,"Ostatnia seria - scisla izolacja",0,"normal",37.5,8,,,
"Poniedziałek - Góra","24 Aug 2026, 19:09","24 Aug 2026, 22:12","","Bicep Curl (Cable)",0,"Ostatnia seria - scisla izolacja",1,"failure",29,12,,,
"Poniedziałek - Góra","24 Aug 2026, 19:09","24 Aug 2026, 22:12","","Triceps Rope Pushdown",0,"Ostatnia seria - scisla izolacja",0,"normal",37.5,8,,,
"Poniedziałek - Góra","24 Aug 2026, 19:09","24 Aug 2026, 22:12","","Triceps Rope Pushdown",0,"Ostatnia seria - scisla izolacja",1,"failure",29,12,,,
"Gdy brak czasu ci doskwiera, szybka sobota cię sponiewiera.","22 Aug 2026, 15:36","22 Aug 2026, 16:58","Trening z babą - czas operacyjny wydłużony.","Hack Squat (Machine) Kapelanka",,"",0,"normal",154.5,10,,,
"Gdy brak czasu ci doskwiera, szybka sobota cię sponiewiera.","22 Aug 2026, 15:36","22 Aug 2026, 16:58","Trening z babą - czas operacyjny wydłużony.","Hack Squat (Machine) Kapelanka",,"",1,"normal",157,9,,,
"Gdy brak czasu ci doskwiera, szybka sobota cię sponiewiera.","22 Aug 2026, 15:36","22 Aug 2026, 16:58","Trening z babą - czas operacyjny wydłużony.","Hack Squat (Machine) Kapelanka",,"",2,"normal",159.5,8,,,
"Gdy brak czasu ci doskwiera, szybka sobota cię sponiewiera.","22 Aug 2026, 15:36","22 Aug 2026, 16:58","Trening z babą - czas operacyjny wydłużony.","Leg Extension (Machine) Kapelanka",0,"",0,"normal",101,10,,,
"Gdy brak czasu ci doskwiera, szybka sobota cię sponiewiera.","22 Aug 2026, 15:36","22 Aug 2026, 16:58","Trening z babą - czas operacyjny wydłużony.","Leg Extension (Machine) Kapelanka",0,"",1,"normal",103,10,,,
"Gdy brak czasu ci doskwiera, szybka sobota cię sponiewiera.","22 Aug 2026, 15:36","22 Aug 2026, 16:58","Trening z babą - czas operacyjny wydłużony.","Leg Extension (Machine) Kapelanka",0,"",2,"normal",105.5,10,,,
"Gdy brak czasu ci doskwiera, szybka sobota cię sponiewiera.","22 Aug 2026, 15:36","22 Aug 2026, 16:58","Trening z babą - czas operacyjny wydłużony.","Lying Leg Curl (Machine) Kapelanka",0,"",0,"normal",72,10,,,
"Gdy brak czasu ci doskwiera, szybka sobota cię sponiewiera.","22 Aug 2026, 15:36","22 Aug 2026, 16:58","Trening z babą - czas operacyjny wydłużony.","Lying Leg Curl (Machine) Kapelanka",0,"",1,"normal",74,10,,,
"Gdy brak czasu ci doskwiera, szybka sobota cię sponiewiera.","22 Aug 2026, 15:36","22 Aug 2026, 16:58","Trening z babą - czas operacyjny wydłużony.","Lying Leg Curl (Machine) Kapelanka",0,"",2,"normal",76.5,10,,,
"Gdy brak czasu ci doskwiera, szybka sobota cię sponiewiera.","22 Aug 2026, 15:36","22 Aug 2026, 16:58","Trening z babą - czas operacyjny wydłużony.","Hanging Leg Raise",,"",0,"normal",,21,,,
"Gdy brak czasu ci doskwiera, szybka sobota cię sponiewiera.","22 Aug 2026, 15:36","22 Aug 2026, 16:58","Trening z babą - czas operacyjny wydłużony.","Hanging Leg Raise",,"",1,"normal",,19,,,
"Gdy brak czasu ci doskwiera, szybka sobota cię sponiewiera.","22 Aug 2026, 15:36","22 Aug 2026, 16:58","Trening z babą - czas operacyjny wydłużony.","Hanging Leg Raise",,"",2,"normal",,17,,,
"Gdy brak czasu ci doskwiera, szybka sobota cię sponiewiera.","22 Aug 2026, 15:36","22 Aug 2026, 16:58","Trening z babą - czas operacyjny wydłużony.","Cable Crunch - Wyciąg Kapelanka - Na Podwyższeniu 15cm",,"",0,"normal",46.25,13,,,
"Gdy brak czasu ci doskwiera, szybka sobota cię sponiewiera.","22 Aug 2026, 15:36","22 Aug 2026, 16:58","Trening z babą - czas operacyjny wydłużony.","Cable Crunch - Wyciąg Kapelanka - Na Podwyższeniu 15cm",,"",1,"normal",47.25,12,,,
"Gdy brak czasu ci doskwiera, szybka sobota cię sponiewiera.","22 Aug 2026, 15:36","22 Aug 2026, 16:58","Trening z babą - czas operacyjny wydłużony.","Cable Crunch - Wyciąg Kapelanka - Na Podwyższeniu 15cm",,"",2,"normal",47.25,12,,,
"Piątek - Barki i łapy","21 Aug 2026, 18:58","21 Aug 2026, 20:47","","Overhead Press (Smith Machine)",,"",0,"normal",72.5,8,,,
"Piątek - Barki i łapy","21 Aug 2026, 18:58","21 Aug 2026, 20:47","","Overhead Press (Smith Machine)",,"",1,"normal",77.5,6,,,
"Piątek - Barki i łapy","21 Aug 2026, 18:58","21 Aug 2026, 20:47","","Overhead Press (Smith Machine)",,"",2,"failure",82.5,3,,,
"Piątek - Barki i łapy","21 Aug 2026, 18:58","21 Aug 2026, 20:47","","Overhead Press (Smith Machine)",,"",3,"failure",62.5,10,,,
"Piątek - Barki i łapy","21 Aug 2026, 18:58","21 Aug 2026, 20:47","","Lateral Raise (Dumbbell)",,"",0,"normal",17.5,13,,,
"Piątek - Barki i łapy","21 Aug 2026, 18:58","21 Aug 2026, 20:47","","Lateral Raise (Dumbbell)",,"",1,"failure",17.5,13,,,
"Piątek - Barki i łapy","21 Aug 2026, 18:58","21 Aug 2026, 20:47","","Single Arm Lateral Raise (Cable)",,"",0,"normal",11.25,11,,,
"Piątek - Barki i łapy","21 Aug 2026, 18:58","21 Aug 2026, 20:47","","Single Arm Lateral Raise (Cable)",,"",1,"normal",12.5,6,,,
"Piątek - Barki i łapy","21 Aug 2026, 18:58","21 Aug 2026, 20:47","","Face Pull",,"",0,"normal",36.25,13,,,
"Piątek - Barki i łapy","21 Aug 2026, 18:58","21 Aug 2026, 20:47","","Face Pull",,"",1,"normal",37.5,12,,,
"Piątek - Barki i łapy","21 Aug 2026, 18:58","21 Aug 2026, 20:47","","Face Pull",,"",2,"normal",38.75,11,,,
"Piątek - Barki i łapy","21 Aug 2026, 18:58","21 Aug 2026, 20:47","","Face Pull",,"",3,"failure",30,20,,,
"Piątek - Barki i łapy","21 Aug 2026, 18:58","21 Aug 2026, 20:47","","Preacher Curl (Machine)",,"Druga seria - chamstwo, troche bujank. \nOstatnia seria - scisla izolacja.",0,"normal",55,8,,,
"Piątek - Barki i łapy","21 Aug 2026, 18:58","21 Aug 2026, 20:47","","Preacher Curl (Machine)",,"Druga seria - chamstwo, troche bujank. \nOstatnia seria - scisla izolacja.",1,"normal",58.75,6,,,
"Piątek - Barki i łapy","21 Aug 2026, 18:58","21 Aug 2026, 20:47","","Preacher Curl (Machine)",,"Druga seria - chamstwo, troche bujank. \nOstatnia seria - scisla izolacja.",2,"failure",44,9,,,
"Piątek - Barki i łapy","21 Aug 2026, 18:58","21 Aug 2026, 20:47","","Skullcrusher (Dumbbell)",,"Ostatnia seria - scisla izolacja.",0,"normal",17.5,10,,,
"Piątek - Barki i łapy","21 Aug 2026, 18:58","21 Aug 2026, 20:47","","Skullcrusher (Dumbbell)",,"Ostatnia seria - scisla izolacja.",1,"normal",20,7,,,
"Piątek - Barki i łapy","21 Aug 2026, 18:58","21 Aug 2026, 20:47","","Skullcrusher (Dumbbell)",,"Ostatnia seria - scisla izolacja.",2,"failure",15,14,,,
"Piątek - Barki i łapy","21 Aug 2026, 18:58","21 Aug 2026, 20:47","","Seated Incline Curl (Dumbbell)",0,"Ostatnia seria - scisla izolacja.",0,"normal",20,9,,,
"Piątek - Barki i łapy","21 Aug 2026, 18:58","21 Aug 2026, 20:47","","Seated Incline Curl (Dumbbell)",0,"Ostatnia seria - scisla izolacja.",1,"failure",15,10,,,
"Piątek - Barki i łapy","21 Aug 2026, 18:58","21 Aug 2026, 20:47","","Triceps Pushdown V-Grip",0,"Ostatnia seria - scisla izolacja.",0,"normal",47.5,8,,,
"Piątek - Barki i łapy","21 Aug 2026, 18:58","21 Aug 2026, 20:47","","Triceps Pushdown V-Grip",0,"Ostatnia seria - scisla izolacja.",1,"normal",36.25,12,,,
"Piątek - Barki i łapy","21 Aug 2026, 18:58","21 Aug 2026, 20:47","","Hammer Curl (Cable)",1,"Ostatnia seria - scisla izolacja.",0,"normal",40,8,,,
"Piątek - Barki i łapy","21 Aug 2026, 18:58","21 Aug 2026, 20:47","","Hammer Curl (Cable)",1,"Ostatnia seria - scisla izolacja.",1,"failure",30,11,,,
"Piątek - Barki i łapy","21 Aug 2026, 18:58","21 Aug 2026, 20:47","","Single Arm Triceps Pushdown (Cable) (Catana)",1,"Ostatnia seria - scisla izolacja.",0,"normal",15,5,,,
"Piątek - Barki i łapy","21 Aug 2026, 18:58","21 Aug 2026, 20:47","","Single Arm Triceps Pushdown (Cable) (Catana)",1,"Ostatnia seria - scisla izolacja.",1,"failure",11.25,8,,,
"Czwartek - Góra - Hiperchujnia","20 Aug 2026, 18:41","20 Aug 2026, 20:50","","Feet Up Bench Press (Barbell)",,"",0,"normal",91,10,,,
"Czwartek - Góra - Hiperchujnia","20 Aug 2026, 18:41","20 Aug 2026, 20:50","","Feet Up Bench Press (Barbell)",,"",1,"normal",93.5,7,,,
"Czwartek - Góra - Hiperchujnia","20 Aug 2026, 18:41","20 Aug 2026, 20:50","","Feet Up Bench Press (Barbell)",,"",2,"normal",96,5,,,
"Czwartek - Góra - Hiperchujnia","20 Aug 2026, 18:41","20 Aug 2026, 20:50","","Lat Pulldown - Close Grip (Cable)",,"Ostatnia seria - scisla izolacja",0,"normal",103,10,,,
"Czwartek - Góra - Hiperchujnia","20 Aug 2026, 18:41","20 Aug 2026, 20:50","","Lat Pulldown - Close Grip (Cable)",,"Ostatnia seria - scisla izolacja",1,"normal",106,9,,,
"Czwartek - Góra - Hiperchujnia","20 Aug 2026, 18:41","20 Aug 2026, 20:50","","Lat Pulldown - Close Grip (Cable)",,"Ostatnia seria - scisla izolacja",2,"normal",110,8,,,
"Czwartek - Góra - Hiperchujnia","20 Aug 2026, 18:41","20 Aug 2026, 20:50","","Lat Pulldown - Close Grip (Cable)",,"Ostatnia seria - scisla izolacja",3,"failure",83,12,,,
"Czwartek - Góra - Hiperchujnia","20 Aug 2026, 18:41","20 Aug 2026, 20:50","","Incline Chest Press (Machine)",,"Ostatnia seria - drop set, ale z normalnym odpoczynkiem",0,"normal",112.5,8,,,
"Czwartek - Góra - Hiperchujnia","20 Aug 2026, 18:41","20 Aug 2026, 20:50","","Incline Chest Press (Machine)",,"Ostatnia seria - drop set, ale z normalnym odpoczynkiem",1,"normal",115,7,,,
"Czwartek - Góra - Hiperchujnia","20 Aug 2026, 18:41","20 Aug 2026, 20:50","","Incline Chest Press (Machine)",,"Ostatnia seria - drop set, ale z normalnym odpoczynkiem",2,"normal",117.5,6,,,
"Czwartek - Góra - Hiperchujnia","20 Aug 2026, 18:41","20 Aug 2026, 20:50","","Incline Chest Press (Machine)",,"Ostatnia seria - drop set, ale z normalnym odpoczynkiem",3,"failure",89,12,,,
"Czwartek - Góra - Hiperchujnia","20 Aug 2026, 18:41","20 Aug 2026, 20:50","","Iso-Lateral High Row (Machine)",,"Ostatnia seria - scisla izolacja",0,"normal",150,10,,,
"Czwartek - Góra - Hiperchujnia","20 Aug 2026, 18:41","20 Aug 2026, 20:50","","Iso-Lateral High Row (Machine)",,"Ostatnia seria - scisla izolacja",1,"normal",160,8,,,
"Czwartek - Góra - Hiperchujnia","20 Aug 2026, 18:41","20 Aug 2026, 20:50","","Iso-Lateral High Row (Machine)",,"Ostatnia seria - scisla izolacja",2,"failure",120,15,,,
"Czwartek - Góra - Hiperchujnia","20 Aug 2026, 18:41","20 Aug 2026, 20:50","","Butterfly (Pec Deck)",,"Ostatnia seria - scisla izolacja",0,"normal",117,10,,,
"Czwartek - Góra - Hiperchujnia","20 Aug 2026, 18:41","20 Aug 2026, 20:50","","Butterfly (Pec Deck)",,"Ostatnia seria - scisla izolacja",1,"normal",119.5,8,,,
"Czwartek - Góra - Hiperchujnia","20 Aug 2026, 18:41","20 Aug 2026, 20:50","","Butterfly (Pec Deck)",,"Ostatnia seria - scisla izolacja",2,"failure",89,11,,,
"Czwartek - Góra - Hiperchujnia","20 Aug 2026, 18:41","20 Aug 2026, 20:50","","Pullover (Machine)",,"",0,"normal",110,12,,,
"Czwartek - Góra - Hiperchujnia","20 Aug 2026, 18:41","20 Aug 2026, 20:50","","Pullover (Machine)",,"",1,"normal",115,10,,,
"Czwartek - Góra - Hiperchujnia","20 Aug 2026, 18:41","20 Aug 2026, 20:50","","Pullover (Machine)",,"",2,"normal",120,8,,,
"Środa - Dzień cardio","19 Aug 2026, 18:38","19 Aug 2026, 19:34","","Treadmill",,"",0,"normal",,,4.34,3360,
"Wtorek - Dół","18 Aug 2026, 19:11","18 Aug 2026, 21:43","","Warm Up",,"",0,"normal",,,,1320,
"Wtorek - Dół","18 Aug 2026, 19:11","18 Aug 2026, 21:43","","Front Squat",,"",0,"normal",108.5,4,,,
"Wtorek - Dół","18 Aug 2026, 19:11","18 Aug 2026, 21:43","","Front Squat",,"",1,"normal",113.5,3,,,
"Wtorek - Dół","18 Aug 2026, 19:11","18 Aug 2026, 21:43","","Front Squat",,"",2,"normal",118.5,2,,,
"Wtorek - Dół","18 Aug 2026, 19:11","18 Aug 2026, 21:43","","Romanian Deadlift (Barbell)",,"",0,"normal",136,9,,,
"Wtorek - Dół","18 Aug 2026, 19:11","18 Aug 2026, 21:43","","Romanian Deadlift (Barbell)",,"",1,"normal",146,8,,,
"Wtorek - Dół","18 Aug 2026, 19:11","18 Aug 2026, 21:43","","Romanian Deadlift (Barbell)",,"",2,"normal",156,6,,,
"Wtorek - Dół","18 Aug 2026, 19:11","18 Aug 2026, 21:43","","Belt Squat (Machine)",,"",0,"normal",190,12,,,
"Wtorek - Dół","18 Aug 2026, 19:11","18 Aug 2026, 21:43","","Belt Squat (Machine)",,"",1,"normal",200,11,,,
"Wtorek - Dół","18 Aug 2026, 19:11","18 Aug 2026, 21:43","","Belt Squat (Machine)",,"",2,"normal",210,10,,,
"Wtorek - Dół","18 Aug 2026, 19:11","18 Aug 2026, 21:43","","Leg Extension (Machine)",0,"",0,"normal",102.5,10,,,
"Wtorek - Dół","18 Aug 2026, 19:11","18 Aug 2026, 21:43","","Leg Extension (Machine)",0,"",1,"normal",105,10,,,
"Wtorek - Dół","18 Aug 2026, 19:11","18 Aug 2026, 21:43","","Leg Extension (Machine)",0,"",2,"failure",77.5,12,,,
"Wtorek - Dół","18 Aug 2026, 19:11","18 Aug 2026, 21:43","","Seated Leg Curl (Machine)",0,"",0,"normal",75,10,,,
"Wtorek - Dół","18 Aug 2026, 19:11","18 Aug 2026, 21:43","","Seated Leg Curl (Machine)",0,"",1,"normal",80,8,,,
"Wtorek - Dół","18 Aug 2026, 19:11","18 Aug 2026, 21:43","","Seated Leg Curl (Machine)",0,"",2,"failure",60,13,,,
"Wtorek - Dół","18 Aug 2026, 19:11","18 Aug 2026, 21:43","","Hip Adduction (Machine)",,"",0,"normal",100,13,,,
"Wtorek - Dół","18 Aug 2026, 19:11","18 Aug 2026, 21:43","","Hip Adduction (Machine)",,"",1,"failure",100,12,,,
"Wtorek - Dół","18 Aug 2026, 19:11","18 Aug 2026, 21:43","","Cable Crunch",,"",0,"normal",57.5,12,,,
"Wtorek - Dół","18 Aug 2026, 19:11","18 Aug 2026, 21:43","","Cable Crunch",,"",1,"normal",57.5,11,,,
"Wtorek - Dół","18 Aug 2026, 19:11","18 Aug 2026, 21:43","","Cable Crunch",,"",2,"failure",45,16,,,
"Wtorek - Dół","18 Aug 2026, 19:11","18 Aug 2026, 21:43","","Cable Core Pallof Press",,"",0,"normal",28.75,9,,,
"Wtorek - Dół","18 Aug 2026, 19:11","18 Aug 2026, 21:43","","Cable Core Pallof Press",,"",1,"normal",30,7,,,
"Poniedziałek - Góra","17 Aug 2026, 19:09","17 Aug 2026, 21:47","","Bench Press (Barbell)",,"Pierwsza seria - fail przy siodmym. Wspanialy poczatek.",0,"failure",98.5,6,,,
"Poniedziałek - Góra","17 Aug 2026, 19:09","17 Aug 2026, 21:47","","Bench Press (Barbell)",,"Pierwsza seria - fail przy siodmym. Wspanialy poczatek.",1,"normal",101,4,,,
"Poniedziałek - Góra","17 Aug 2026, 19:09","17 Aug 2026, 21:47","","Bench Press (Barbell)",,"Pierwsza seria - fail przy siodmym. Wspanialy poczatek.",2,"normal",103.5,3,,,
"Poniedziałek - Góra","17 Aug 2026, 19:09","17 Aug 2026, 21:47","","Bench Press (Barbell)",,"Pierwsza seria - fail przy siodmym. Wspanialy poczatek.",3,"normal",106,2,,,
"Poniedziałek - Góra","17 Aug 2026, 19:09","17 Aug 2026, 21:47","","Pull Up (Weighted)",,"",0,"normal",5,10,,,
"Poniedziałek - Góra","17 Aug 2026, 19:09","17 Aug 2026, 21:47","","Pull Up (Weighted)",,"",1,"normal",7.5,8,,,
"Poniedziałek - Góra","17 Aug 2026, 19:09","17 Aug 2026, 21:47","","Pull Up (Weighted)",,"",2,"normal",7.5,7,,,
"Poniedziałek - Góra","17 Aug 2026, 19:09","17 Aug 2026, 21:47","","Pull Up (Weighted)",,"",3,"normal",7.5,7,,,
"Poniedziałek - Góra","17 Aug 2026, 19:09","17 Aug 2026, 21:47","","Incline Bench Press (Smith Machine)",,"",0,"normal",80,7,,,
"Poniedziałek - Góra","17 Aug 2026, 19:09","17 Aug 2026, 21:47","","Incline Bench Press (Smith Machine)",,"",1,"normal",85,4,,,
"Poniedziałek - Góra","17 Aug 2026, 19:09","17 Aug 2026, 21:47","","Incline Bench Press (Smith Machine)",,"",2,"failure",64,13,,,
"Poniedziałek - Góra","17 Aug 2026, 19:09","17 Aug 2026, 21:47","","T Bar Row",,"",0,"normal",72.5,10,,,
"Poniedziałek - Góra","17 Aug 2026, 19:09","17 Aug 2026, 21:47","","T Bar Row",,"",1,"normal",77.5,8,,,
"Poniedziałek - Góra","17 Aug 2026, 19:09","17 Aug 2026, 21:47","","T Bar Row",,"",2,"failure",58.25,15,,,
"Poniedziałek - Góra","17 Aug 2026, 19:09","17 Aug 2026, 21:47","","Low Cable Fly Crossovers",,"",0,"normal",18.75,11,,,
"Poniedziałek - Góra","17 Aug 2026, 19:09","17 Aug 2026, 21:47","","Low Cable Fly Crossovers",,"",1,"failure",20,7,,,
"Poniedziałek - Góra","17 Aug 2026, 19:09","17 Aug 2026, 21:47","","Low Cable Fly Crossovers",,"",2,"failure",15,11,,,
"Poniedziałek - Góra","17 Aug 2026, 19:09","17 Aug 2026, 21:47","","Single Arm Cable Row",,"",0,"normal",60,10,,,
"Poniedziałek - Góra","17 Aug 2026, 19:09","17 Aug 2026, 21:47","","Single Arm Cable Row",,"",1,"normal",62.5,8,,,
"Poniedziałek - Góra","17 Aug 2026, 19:09","17 Aug 2026, 21:47","","Single Arm Cable Row",,"",2,"failure",47.5,12,,,
"Poniedziałek - Góra","17 Aug 2026, 19:09","17 Aug 2026, 21:47","","Lateral Raise (Machine)",,"",0,"normal",67.5,5,,,
"Poniedziałek - Góra","17 Aug 2026, 19:09","17 Aug 2026, 21:47","","Lateral Raise (Machine)",,"",1,"failure",50,11,,,
"Poniedziałek - Góra","17 Aug 2026, 19:09","17 Aug 2026, 21:47","","Rear Delt Reverse Fly (Machine)",,"",0,"normal",27.5,8,,,
"Poniedziałek - Góra","17 Aug 2026, 19:09","17 Aug 2026, 21:47","","Rear Delt Reverse Fly (Machine)",,"",1,"failure",20,15,,,
"Poniedziałek - Góra","17 Aug 2026, 19:09","17 Aug 2026, 21:47","","Bicep Curl (Cable)",0,"",0,"normal",37.5,7,,,
"Poniedziałek - Góra","17 Aug 2026, 19:09","17 Aug 2026, 21:47","","Bicep Curl (Cable)",0,"",1,"failure",28.75,12,,,
"Poniedziałek - Góra","17 Aug 2026, 19:09","17 Aug 2026, 21:47","","Triceps Rope Pushdown",0,"",0,"normal",37.5,7,,,
"Poniedziałek - Góra","17 Aug 2026, 19:09","17 Aug 2026, 21:47","","Triceps Rope Pushdown",0,"",1,"failure",28.75,12,,,
"Gdy brak czasu ci doskwiera, szybka sobota cię sponiewiera.","15 Aug 2026, 14:28","15 Aug 2026, 15:56","Trening z babą - czas wydłużony.","Hack Squat (Machine) Kapelanka",,"",0,"normal",152,10,,,
"Gdy brak czasu ci doskwiera, szybka sobota cię sponiewiera.","15 Aug 2026, 14:28","15 Aug 2026, 15:56","Trening z babą - czas wydłużony.","Hack Squat (Machine) Kapelanka",,"",1,"normal",154.5,9,,,
"Gdy brak czasu ci doskwiera, szybka sobota cię sponiewiera.","15 Aug 2026, 14:28","15 Aug 2026, 15:56","Trening z babą - czas wydłużony.","Hack Squat (Machine) Kapelanka",,"",2,"normal",157,8,,,
"Gdy brak czasu ci doskwiera, szybka sobota cię sponiewiera.","15 Aug 2026, 14:28","15 Aug 2026, 15:56","Trening z babą - czas wydłużony.","Leg Extension (Machine) Kapelanka",0,"",0,"normal",98.5,10,,,
"Gdy brak czasu ci doskwiera, szybka sobota cię sponiewiera.","15 Aug 2026, 14:28","15 Aug 2026, 15:56","Trening z babą - czas wydłużony.","Leg Extension (Machine) Kapelanka",0,"",1,"normal",101,10,,,
"Gdy brak czasu ci doskwiera, szybka sobota cię sponiewiera.","15 Aug 2026, 14:28","15 Aug 2026, 15:56","Trening z babą - czas wydłużony.","Leg Extension (Machine) Kapelanka",0,"",2,"normal",103,10,,,
"Gdy brak czasu ci doskwiera, szybka sobota cię sponiewiera.","15 Aug 2026, 14:28","15 Aug 2026, 15:56","Trening z babą - czas wydłużony.","Lying Leg Curl (Machine) Kapelanka",0,"",0,"normal",69.5,10,,,
"Gdy brak czasu ci doskwiera, szybka sobota cię sponiewiera.","15 Aug 2026, 14:28","15 Aug 2026, 15:56","Trening z babą - czas wydłużony.","Lying Leg Curl (Machine) Kapelanka",0,"",1,"normal",72,10,,,
"Gdy brak czasu ci doskwiera, szybka sobota cię sponiewiera.","15 Aug 2026, 14:28","15 Aug 2026, 15:56","Trening z babą - czas wydłużony.","Lying Leg Curl (Machine) Kapelanka",0,"",2,"normal",74,10,,,
"Gdy brak czasu ci doskwiera, szybka sobota cię sponiewiera.","15 Aug 2026, 14:28","15 Aug 2026, 15:56","Trening z babą - czas wydłużony.","Hanging Leg Raise",,"",0,"normal",,20,,,
"Gdy brak czasu ci doskwiera, szybka sobota cię sponiewiera.","15 Aug 2026, 14:28","15 Aug 2026, 15:56","Trening z babą - czas wydłużony.","Hanging Leg Raise",,"",1,"normal",,18,,,
"Gdy brak czasu ci doskwiera, szybka sobota cię sponiewiera.","15 Aug 2026, 14:28","15 Aug 2026, 15:56","Trening z babą - czas wydłużony.","Hanging Leg Raise",,"",2,"normal",,17,,,
"Gdy brak czasu ci doskwiera, szybka sobota cię sponiewiera.","15 Aug 2026, 14:28","15 Aug 2026, 15:56","Trening z babą - czas wydłużony.","Cable Crunch - Wyciąg Kapelanka - Na Podwyższeniu 15cm",,"",0,"normal",46.25,12,,,
"Gdy brak czasu ci doskwiera, szybka sobota cię sponiewiera.","15 Aug 2026, 14:28","15 Aug 2026, 15:56","Trening z babą - czas wydłużony.","Cable Crunch - Wyciąg Kapelanka - Na Podwyższeniu 15cm",,"",1,"normal",46.25,12,,,
"Gdy brak czasu ci doskwiera, szybka sobota cię sponiewiera.","15 Aug 2026, 14:28","15 Aug 2026, 15:56","Trening z babą - czas wydłużony.","Cable Crunch - Wyciąg Kapelanka - Na Podwyższeniu 15cm",,"",2,"normal",46.25,12,,,
"Piątek - Barki i łapy","14 Aug 2026, 16:27","14 Aug 2026, 18:56","","Overhead Press (Smith Machine)",,"",0,"normal",70,9,,,
"Piątek - Barki i łapy","14 Aug 2026, 16:27","14 Aug 2026, 18:56","","Overhead Press (Smith Machine)",,"",1,"normal",75,7,,,
"Piątek - Barki i łapy","14 Aug 2026, 16:27","14 Aug 2026, 18:56","","Overhead Press (Smith Machine)",,"",2,"normal",80,4,,,
"Piątek - Barki i łapy","14 Aug 2026, 16:27","14 Aug 2026, 18:56","","Overhead Press (Smith Machine)",,"",3,"failure",60,12,,,
"Piątek - Barki i łapy","14 Aug 2026, 16:27","14 Aug 2026, 18:56","","Lateral Raise (Dumbbell)",,"",0,"normal",15,18,,,
"Piątek - Barki i łapy","14 Aug 2026, 16:27","14 Aug 2026, 18:56","","Lateral Raise (Dumbbell)",,"",1,"failure",17.5,12,,,
"Piątek - Barki i łapy","14 Aug 2026, 16:27","14 Aug 2026, 18:56","","Single Arm Lateral Raise (Cable)",,"",0,"normal",11.25,10,,,
"Piątek - Barki i łapy","14 Aug 2026, 16:27","14 Aug 2026, 18:56","","Single Arm Lateral Raise (Cable)",,"",1,"normal",12.5,4,,,
"Piątek - Barki i łapy","14 Aug 2026, 16:27","14 Aug 2026, 18:56","","Face Pull",,"",0,"normal",35,12,,,
"Piątek - Barki i łapy","14 Aug 2026, 16:27","14 Aug 2026, 18:56","","Face Pull",,"",1,"normal",35,12,,,
"Piątek - Barki i łapy","14 Aug 2026, 16:27","14 Aug 2026, 18:56","","Face Pull",,"",2,"normal",36.25,12,,,
"Piątek - Barki i łapy","14 Aug 2026, 16:27","14 Aug 2026, 18:56","","Face Pull",,"",3,"failure",28.75,20,,,
"Piątek - Barki i łapy","14 Aug 2026, 16:27","14 Aug 2026, 18:56","","Preacher Curl (Machine)",,"",0,"normal",55,7,,,
"Piątek - Barki i łapy","14 Aug 2026, 16:27","14 Aug 2026, 18:56","","Preacher Curl (Machine)",,"",1,"normal",57.5,6,,,
"Piątek - Barki i łapy","14 Aug 2026, 16:27","14 Aug 2026, 18:56","","Preacher Curl (Machine)",,"",2,"failure",43.5,9,,,
"Piątek - Barki i łapy","14 Aug 2026, 16:27","14 Aug 2026, 18:56","","Skullcrusher (Barbell)",,"",0,"normal",51.5,9,,,
"Piątek - Barki i łapy","14 Aug 2026, 16:27","14 Aug 2026, 18:56","","Skullcrusher (Barbell)",,"",1,"normal",54,6,,,
"Piątek - Barki i łapy","14 Aug 2026, 16:27","14 Aug 2026, 18:56","","Skullcrusher (Barbell)",,"",2,"normal",44,12,,,
"Piątek - Barki i łapy","14 Aug 2026, 16:27","14 Aug 2026, 18:56","","Seated Incline Curl (Dumbbell)",0,"",0,"normal",17.5,12,,,
"Piątek - Barki i łapy","14 Aug 2026, 16:27","14 Aug 2026, 18:56","","Seated Incline Curl (Dumbbell)",0,"",1,"normal",20,8,,,
"Piątek - Barki i łapy","14 Aug 2026, 16:27","14 Aug 2026, 18:56","","Triceps Pushdown V-Grip",0,"",0,"normal",46.25,10,,,
"Piątek - Barki i łapy","14 Aug 2026, 16:27","14 Aug 2026, 18:56","","Triceps Pushdown V-Grip",0,"",1,"normal",47.5,7,,,
"Piątek - Barki i łapy","14 Aug 2026, 16:27","14 Aug 2026, 18:56","","Hammer Curl (Cable)",1,"Ostatnia seria - scisla izloacja.",0,"normal",38.25,10,,,
"Piątek - Barki i łapy","14 Aug 2026, 16:27","14 Aug 2026, 18:56","","Hammer Curl (Cable)",1,"Ostatnia seria - scisla izloacja.",1,"failure",28.75,10,,,
"Piątek - Barki i łapy","14 Aug 2026, 16:27","14 Aug 2026, 18:56","","Single Arm Triceps Pushdown (Cable) (Catana)",1,"Ostatnia seria - scisla izloacja.",0,"normal",13.75,9,,,
"Piątek - Barki i łapy","14 Aug 2026, 16:27","14 Aug 2026, 18:56","","Single Arm Triceps Pushdown (Cable) (Catana)",1,"Ostatnia seria - scisla izloacja.",1,"failure",10,12,,,
"Czwartek - Góra - Hiperchujnia","13 Aug 2026, 17:40","13 Aug 2026, 19:46","","Feet Up Bench Press (Barbell)",,"",0,"normal",90,10,,,
"Czwartek - Góra - Hiperchujnia","13 Aug 2026, 17:40","13 Aug 2026, 19:46","","Feet Up Bench Press (Barbell)",,"",1,"normal",92.5,8,,,
"Czwartek - Góra - Hiperchujnia","13 Aug 2026, 17:40","13 Aug 2026, 19:46","","Feet Up Bench Press (Barbell)",,"",2,"normal",95,6,,,
"Czwartek - Góra - Hiperchujnia","13 Aug 2026, 17:40","13 Aug 2026, 19:46","","Lat Pulldown - Close Grip (Cable)",,"",0,"normal",99.5,11,,,
"Czwartek - Góra - Hiperchujnia","13 Aug 2026, 17:40","13 Aug 2026, 19:46","","Lat Pulldown - Close Grip (Cable)",,"",1,"normal",103,10,,,
"Czwartek - Góra - Hiperchujnia","13 Aug 2026, 17:40","13 Aug 2026, 19:46","","Lat Pulldown - Close Grip (Cable)",,"",2,"normal",110,7,,,
"Czwartek - Góra - Hiperchujnia","13 Aug 2026, 17:40","13 Aug 2026, 19:46","","Lat Pulldown - Close Grip (Cable)",,"",3,"failure",82,12,,,
"Czwartek - Góra - Hiperchujnia","13 Aug 2026, 17:40","13 Aug 2026, 19:46","","Incline Chest Press (Machine)",,"Dzisiaj w ostatniej serii, dwunaste powtorzenie niedopięte wiec nie zaliczam. Braklo centymetra lub dwoch.",0,"normal",112.5,8,,,
"Czwartek - Góra - Hiperchujnia","13 Aug 2026, 17:40","13 Aug 2026, 19:46","","Incline Chest Press (Machine)",,"Dzisiaj w ostatniej serii, dwunaste powtorzenie niedopięte wiec nie zaliczam. Braklo centymetra lub dwoch.",1,"normal",115,7,,,
"Czwartek - Góra - Hiperchujnia","13 Aug 2026, 17:40","13 Aug 2026, 19:46","","Incline Chest Press (Machine)",,"Dzisiaj w ostatniej serii, dwunaste powtorzenie niedopięte wiec nie zaliczam. Braklo centymetra lub dwoch.",2,"failure",117.5,6,,,
"Czwartek - Góra - Hiperchujnia","13 Aug 2026, 17:40","13 Aug 2026, 19:46","","Incline Chest Press (Machine)",,"Dzisiaj w ostatniej serii, dwunaste powtorzenie niedopięte wiec nie zaliczam. Braklo centymetra lub dwoch.",3,"failure",88,11,,,
"Czwartek - Góra - Hiperchujnia","13 Aug 2026, 17:40","13 Aug 2026, 19:46","","Iso-Lateral High Row (Machine)",,"",0,"normal",145,10,,,
"Czwartek - Góra - Hiperchujnia","13 Aug 2026, 17:40","13 Aug 2026, 19:46","","Iso-Lateral High Row (Machine)",,"",1,"normal",155,8,,,
"Czwartek - Góra - Hiperchujnia","13 Aug 2026, 17:40","13 Aug 2026, 19:46","","Iso-Lateral High Row (Machine)",,"",2,"failure",117.5,14,,,
"Czwartek - Góra - Hiperchujnia","13 Aug 2026, 17:40","13 Aug 2026, 19:46","","Butterfly (Pec Deck)",,"Nie pamietam czy w ostatniej zrobilem 10 czy 11. Wpisuje 10.",0,"normal",115,11,,,
"Czwartek - Góra - Hiperchujnia","13 Aug 2026, 17:40","13 Aug 2026, 19:46","","Butterfly (Pec Deck)",,"Nie pamietam czy w ostatniej zrobilem 10 czy 11. Wpisuje 10.",1,"normal",117,9,,,
"Czwartek - Góra - Hiperchujnia","13 Aug 2026, 17:40","13 Aug 2026, 19:46","","Butterfly (Pec Deck)",,"Nie pamietam czy w ostatniej zrobilem 10 czy 11. Wpisuje 10.",2,"failure",88,10,,,
"Czwartek - Góra - Hiperchujnia","13 Aug 2026, 17:40","13 Aug 2026, 19:46","","Pullover (Machine)",,"",0,"normal",107.5,12,,,
"Czwartek - Góra - Hiperchujnia","13 Aug 2026, 17:40","13 Aug 2026, 19:46","","Pullover (Machine)",,"",1,"normal",112.5,10,,,
"Czwartek - Góra - Hiperchujnia","13 Aug 2026, 17:40","13 Aug 2026, 19:46","","Pullover (Machine)",,"",2,"normal",117.5,8,,,
"Środa - Dzień cardio","12 Aug 2026, 18:43","12 Aug 2026, 19:38","","Treadmill",,"",0,"normal",,,4.28,3300,
"Wtorek - Dół","11 Aug 2026, 19:09","11 Aug 2026, 21:36","","Warm Up",,"",0,"normal",,,,1260,
"Wtorek - Dół","11 Aug 2026, 19:09","11 Aug 2026, 21:36","","Front Squat",,"",0,"normal",107.5,5,,,
"Wtorek - Dół","11 Aug 2026, 19:09","11 Aug 2026, 21:36","","Front Squat",,"",1,"normal",112.5,4,,,
"Wtorek - Dół","11 Aug 2026, 19:09","11 Aug 2026, 21:36","","Front Squat",,"",2,"normal",117.5,2,,,
"Wtorek - Dół","11 Aug 2026, 19:09","11 Aug 2026, 21:36","","Romanian Deadlift (Barbell)",,"",0,"normal",135,9,,,
"Wtorek - Dół","11 Aug 2026, 19:09","11 Aug 2026, 21:36","","Romanian Deadlift (Barbell)",,"",1,"normal",145,8,,,
"Wtorek - Dół","11 Aug 2026, 19:09","11 Aug 2026, 21:36","","Romanian Deadlift (Barbell)",,"",2,"normal",155,6,,,
"Wtorek - Dół","11 Aug 2026, 19:09","11 Aug 2026, 21:36","","Belt Squat (Machine)",,"",0,"normal",180,12,,,
"Wtorek - Dół","11 Aug 2026, 19:09","11 Aug 2026, 21:36","","Belt Squat (Machine)",,"",1,"normal",190,11,,,
"Wtorek - Dół","11 Aug 2026, 19:09","11 Aug 2026, 21:36","","Belt Squat (Machine)",,"",2,"normal",200,10,,,
"Wtorek - Dół","11 Aug 2026, 19:09","11 Aug 2026, 21:36","","Leg Extension (Machine)",0,"Ostatnia seria, scisla izolacja.",0,"normal",100,11,,,
"Wtorek - Dół","11 Aug 2026, 19:09","11 Aug 2026, 21:36","","Leg Extension (Machine)",0,"Ostatnia seria, scisla izolacja.",1,"normal",102.5,10,,,
"Wtorek - Dół","11 Aug 2026, 19:09","11 Aug 2026, 21:36","","Leg Extension (Machine)",0,"Ostatnia seria, scisla izolacja.",2,"failure",77.5,11,,,
"Wtorek - Dół","11 Aug 2026, 19:09","11 Aug 2026, 21:36","","Seated Leg Curl (Machine)",0,"Lezaca robie w sobote, lepsza na kapelance, tutaj zmieniamy na siedzaca. \nOstatnia seria, scisla izolacja.",0,"normal",72.5,10,,,
"Wtorek - Dół","11 Aug 2026, 19:09","11 Aug 2026, 21:36","","Seated Leg Curl (Machine)",0,"Lezaca robie w sobote, lepsza na kapelance, tutaj zmieniamy na siedzaca. \nOstatnia seria, scisla izolacja.",1,"normal",77.5,8,,,
"Wtorek - Dół","11 Aug 2026, 19:09","11 Aug 2026, 21:36","","Seated Leg Curl (Machine)",0,"Lezaca robie w sobote, lepsza na kapelance, tutaj zmieniamy na siedzaca. \nOstatnia seria, scisla izolacja.",2,"normal",57.5,13,,,
"Wtorek - Dół","11 Aug 2026, 19:09","11 Aug 2026, 21:36","","Hip Adduction (Machine)",,"",0,"normal",100,13,,,
"Wtorek - Dół","11 Aug 2026, 19:09","11 Aug 2026, 21:36","","Hip Adduction (Machine)",,"",1,"normal",100,13,,,
"Wtorek - Dół","11 Aug 2026, 19:09","11 Aug 2026, 21:36","","Cable Crunch",,"Ostatnia seria, scisla izolacja.",0,"normal",55,13,,,
"Wtorek - Dół","11 Aug 2026, 19:09","11 Aug 2026, 21:36","","Cable Crunch",,"Ostatnia seria, scisla izolacja.",1,"normal",57.5,12,,,
"Wtorek - Dół","11 Aug 2026, 19:09","11 Aug 2026, 21:36","","Cable Crunch",,"Ostatnia seria, scisla izolacja.",2,"normal",43.75,16,,,
"Wtorek - Dół","11 Aug 2026, 19:09","11 Aug 2026, 21:36","","Cable Core Pallof Press",,"",0,"normal",27.5,9,,,
"Wtorek - Dół","11 Aug 2026, 19:09","11 Aug 2026, 21:36","","Cable Core Pallof Press",,"",1,"normal",28.75,8,,,
"Poniedziałek - Góra","10 Aug 2026, 19:20","10 Aug 2026, 22:07","","Bench Press (Barbell)",,"Jestem coraz wiekszym gównem w wyciskaniu leżąc.",0,"normal",98.5,7,,,
"Poniedziałek - Góra","10 Aug 2026, 19:20","10 Aug 2026, 22:07","","Bench Press (Barbell)",,"Jestem coraz wiekszym gównem w wyciskaniu leżąc.",1,"normal",101,5,,,
"Poniedziałek - Góra","10 Aug 2026, 19:20","10 Aug 2026, 22:07","","Bench Press (Barbell)",,"Jestem coraz wiekszym gównem w wyciskaniu leżąc.",2,"normal",103.5,4,,,
"Poniedziałek - Góra","10 Aug 2026, 19:20","10 Aug 2026, 22:07","","Bench Press (Barbell)",,"Jestem coraz wiekszym gównem w wyciskaniu leżąc.",3,"failure",106,2,,,
"Poniedziałek - Góra","10 Aug 2026, 19:20","10 Aug 2026, 22:07","","Pull Up (Weighted)",,"",0,"normal",5,9,,,
"Poniedziałek - Góra","10 Aug 2026, 19:20","10 Aug 2026, 22:07","","Pull Up (Weighted)",,"",1,"normal",5,8,,,
"Poniedziałek - Góra","10 Aug 2026, 19:20","10 Aug 2026, 22:07","","Pull Up (Weighted)",,"",2,"normal",5,8,,,
"Poniedziałek - Góra","10 Aug 2026, 19:20","10 Aug 2026, 22:07","","Pull Up (Weighted)",,"",3,"failure",5,7,,,
"Poniedziałek - Góra","10 Aug 2026, 19:20","10 Aug 2026, 22:07","","Incline Bench Press (Smith Machine)",,"Ostatnia seria - scisla izolacja.",0,"normal",80,7,,,
"Poniedziałek - Góra","10 Aug 2026, 19:20","10 Aug 2026, 22:07","","Incline Bench Press (Smith Machine)",,"Ostatnia seria - scisla izolacja.",1,"normal",82.5,6,,,
"Poniedziałek - Góra","10 Aug 2026, 19:20","10 Aug 2026, 22:07","","Incline Bench Press (Smith Machine)",,"Ostatnia seria - scisla izolacja.",2,"failure",62.5,13,,,
"Poniedziałek - Góra","10 Aug 2026, 19:20","10 Aug 2026, 22:07","","T Bar Row",,"Ostatnia seria - scisla izolacja.",0,"normal",71.25,10,,,
"Poniedziałek - Góra","10 Aug 2026, 19:20","10 Aug 2026, 22:07","","T Bar Row",,"Ostatnia seria - scisla izolacja.",1,"normal",76.25,8,,,
"Poniedziałek - Góra","10 Aug 2026, 19:20","10 Aug 2026, 22:07","","T Bar Row",,"Ostatnia seria - scisla izolacja.",2,"failure",57.5,12,,,
"Poniedziałek - Góra","10 Aug 2026, 19:20","10 Aug 2026, 22:07","","Low Cable Fly Crossovers",,"Ostatnia seria - scisla izolacja.",0,"normal",17.5,11,,,
"Poniedziałek - Góra","10 Aug 2026, 19:20","10 Aug 2026, 22:07","","Low Cable Fly Crossovers",,"Ostatnia seria - scisla izolacja.",1,"normal",18.75,10,,,
"Poniedziałek - Góra","10 Aug 2026, 19:20","10 Aug 2026, 22:07","","Low Cable Fly Crossovers",,"Ostatnia seria - scisla izolacja.",2,"failure",13.75,12,,,
"Poniedziałek - Góra","10 Aug 2026, 19:20","10 Aug 2026, 22:07","","Single Arm Cable Row",,"Ostatnia seria - scisla izolacja.",0,"normal",55,11,,,
"Poniedziałek - Góra","10 Aug 2026, 19:20","10 Aug 2026, 22:07","","Single Arm Cable Row",,"Ostatnia seria - scisla izolacja.",1,"normal",57.5,10,,,
"Poniedziałek - Góra","10 Aug 2026, 19:20","10 Aug 2026, 22:07","","Single Arm Cable Row",,"Ostatnia seria - scisla izolacja.",2,"normal",43.5,12,,,
"Poniedziałek - Góra","10 Aug 2026, 19:20","10 Aug 2026, 22:07","","Lateral Raise (Machine)",,"Ostatnia seria - scisla izolacja.",0,"normal",65,8,,,
"Poniedziałek - Góra","10 Aug 2026, 19:20","10 Aug 2026, 22:07","","Lateral Raise (Machine)",,"Ostatnia seria - scisla izolacja.",1,"failure",47.5,13,,,
"Poniedziałek - Góra","10 Aug 2026, 19:20","10 Aug 2026, 22:07","","Rear Delt Reverse Fly (Machine)",,"Ostatnia seria - scisla izolacja.",0,"normal",27.5,7,,,
"Poniedziałek - Góra","10 Aug 2026, 19:20","10 Aug 2026, 22:07","","Rear Delt Reverse Fly (Machine)",,"Ostatnia seria - scisla izolacja.",1,"failure",20,13,,,
"Poniedziałek - Góra","10 Aug 2026, 19:20","10 Aug 2026, 22:07","","Bicep Curl (Cable)",0,"Ostatnia seria - scisla izolacja.",0,"normal",36.25,8,,,
"Poniedziałek - Góra","10 Aug 2026, 19:20","10 Aug 2026, 22:07","","Bicep Curl (Cable)",0,"Ostatnia seria - scisla izolacja.",1,"failure",27.5,12,,,
"Poniedziałek - Góra","10 Aug 2026, 19:20","10 Aug 2026, 22:07","","Triceps Rope Pushdown",0,"Ostatnia seria - scisla izolacja.",0,"normal",36.25,8,,,
"Poniedziałek - Góra","10 Aug 2026, 19:20","10 Aug 2026, 22:07","","Triceps Rope Pushdown",0,"Ostatnia seria - scisla izolacja.",1,"normal",27.5,12,,,
"Gdy brak czasu ci doskwiera, szybka sobota cię sponiewiera.","8 Aug 2026, 14:09","8 Aug 2026, 15:16","","Hack Squat (Machine) Kapelanka",,"",0,"normal",149.5,10,,,
"Gdy brak czasu ci doskwiera, szybka sobota cię sponiewiera.","8 Aug 2026, 14:09","8 Aug 2026, 15:16","","Hack Squat (Machine) Kapelanka",,"",1,"normal",152,9,,,
"Gdy brak czasu ci doskwiera, szybka sobota cię sponiewiera.","8 Aug 2026, 14:09","8 Aug 2026, 15:16","","Hack Squat (Machine) Kapelanka",,"",2,"normal",154.5,8,,,
"Gdy brak czasu ci doskwiera, szybka sobota cię sponiewiera.","8 Aug 2026, 14:09","8 Aug 2026, 15:16","","Leg Extension (Machine) Kapelanka",0,"",0,"normal",96,10,,,
"Gdy brak czasu ci doskwiera, szybka sobota cię sponiewiera.","8 Aug 2026, 14:09","8 Aug 2026, 15:16","","Leg Extension (Machine) Kapelanka",0,"",1,"normal",98.5,10,,,
"Gdy brak czasu ci doskwiera, szybka sobota cię sponiewiera.","8 Aug 2026, 14:09","8 Aug 2026, 15:16","","Leg Extension (Machine) Kapelanka",0,"",2,"normal",101,10,,,
"Gdy brak czasu ci doskwiera, szybka sobota cię sponiewiera.","8 Aug 2026, 14:09","8 Aug 2026, 15:16","","Lying Leg Curl (Machine) Kapelanka",0,"",0,"normal",67,10,,,
"Gdy brak czasu ci doskwiera, szybka sobota cię sponiewiera.","8 Aug 2026, 14:09","8 Aug 2026, 15:16","","Lying Leg Curl (Machine) Kapelanka",0,"",1,"normal",69.5,10,,,
"Gdy brak czasu ci doskwiera, szybka sobota cię sponiewiera.","8 Aug 2026, 14:09","8 Aug 2026, 15:16","","Lying Leg Curl (Machine) Kapelanka",0,"",2,"normal",72,10,,,
"Gdy brak czasu ci doskwiera, szybka sobota cię sponiewiera.","8 Aug 2026, 14:09","8 Aug 2026, 15:16","","Hanging Leg Raise",,"",0,"normal",,19,,,
"Gdy brak czasu ci doskwiera, szybka sobota cię sponiewiera.","8 Aug 2026, 14:09","8 Aug 2026, 15:16","","Hanging Leg Raise",,"",1,"normal",,17,,,
"Gdy brak czasu ci doskwiera, szybka sobota cię sponiewiera.","8 Aug 2026, 14:09","8 Aug 2026, 15:16","","Hanging Leg Raise",,"",2,"normal",,16,,,
"Gdy brak czasu ci doskwiera, szybka sobota cię sponiewiera.","8 Aug 2026, 14:09","8 Aug 2026, 15:16","","Cable Crunch - Wyciąg Kapelanka - Na Podwyższeniu 15cm",,"",0,"normal",44.5,13,,,
"Gdy brak czasu ci doskwiera, szybka sobota cię sponiewiera.","8 Aug 2026, 14:09","8 Aug 2026, 15:16","","Cable Crunch - Wyciąg Kapelanka - Na Podwyższeniu 15cm",,"",1,"normal",46.25,10,,,
"Gdy brak czasu ci doskwiera, szybka sobota cię sponiewiera.","8 Aug 2026, 14:09","8 Aug 2026, 15:16","","Cable Crunch - Wyciąg Kapelanka - Na Podwyższeniu 15cm",,"",2,"normal",46.25,10,,,
"Piątek - Barki i łapy","7 Aug 2026, 19:12","7 Aug 2026, 21:30","","Overhead Press (Smith Machine)",,"",0,"normal",70,9,,,
"Piątek - Barki i łapy","7 Aug 2026, 19:12","7 Aug 2026, 21:30","","Overhead Press (Smith Machine)",,"",1,"normal",75,7,,,
"Piątek - Barki i łapy","7 Aug 2026, 19:12","7 Aug 2026, 21:30","","Overhead Press (Smith Machine)",,"",2,"normal",80,4,,,
"Piątek - Barki i łapy","7 Aug 2026, 19:12","7 Aug 2026, 21:30","","Overhead Press (Smith Machine)",,"",3,"failure",60,11,,,
"Piątek - Barki i łapy","7 Aug 2026, 19:12","7 Aug 2026, 21:30","","Lateral Raise (Dumbbell)",,"",0,"normal",15,17,,,
"Piątek - Barki i łapy","7 Aug 2026, 19:12","7 Aug 2026, 21:30","","Lateral Raise (Dumbbell)",,"",1,"failure",17.5,11,,,
"Piątek - Barki i łapy","7 Aug 2026, 19:12","7 Aug 2026, 21:30","","Single Arm Lateral Raise (Cable)",,"Ja pierodle, 12,5kg mnie zniszczylo",0,"normal",11.25,10,,,
"Piątek - Barki i łapy","7 Aug 2026, 19:12","7 Aug 2026, 21:30","","Single Arm Lateral Raise (Cable)",,"Ja pierodle, 12,5kg mnie zniszczylo",1,"normal",12.5,4,,,
"Piątek - Barki i łapy","7 Aug 2026, 19:12","7 Aug 2026, 21:30","","Face Pull",,"",0,"normal",32.5,13,,,
"Piątek - Barki i łapy","7 Aug 2026, 19:12","7 Aug 2026, 21:30","","Face Pull",,"",1,"normal",33.75,12,,,
"Piątek - Barki i łapy","7 Aug 2026, 19:12","7 Aug 2026, 21:30","","Face Pull",,"",2,"normal",35,11,,,
"Piątek - Barki i łapy","7 Aug 2026, 19:12","7 Aug 2026, 21:30","","Face Pull",,"",3,"failure",27.5,17,,,
"Piątek - Barki i łapy","7 Aug 2026, 19:12","7 Aug 2026, 21:30","","Preacher Curl (Machine)",,"",0,"normal",55,7,,,
"Piątek - Barki i łapy","7 Aug 2026, 19:12","7 Aug 2026, 21:30","","Preacher Curl (Machine)",,"",1,"normal",57.5,6,,,
"Piątek - Barki i łapy","7 Aug 2026, 19:12","7 Aug 2026, 21:30","","Preacher Curl (Machine)",,"",2,"failure",43.5,8,,,
"Piątek - Barki i łapy","7 Aug 2026, 19:12","7 Aug 2026, 21:30","","Skullcrusher (Barbell)",,"",0,"normal",51.5,9,,,
"Piątek - Barki i łapy","7 Aug 2026, 19:12","7 Aug 2026, 21:30","","Skullcrusher (Barbell)",,"",1,"normal",54,6,,,
"Piątek - Barki i łapy","7 Aug 2026, 19:12","7 Aug 2026, 21:30","","Skullcrusher (Barbell)",,"",2,"normal",43.5,12,,,
"Piątek - Barki i łapy","7 Aug 2026, 19:12","7 Aug 2026, 21:30","","Seated Incline Curl (Dumbbell)",0,"",0,"normal",17.5,12,,,
"Piątek - Barki i łapy","7 Aug 2026, 19:12","7 Aug 2026, 21:30","","Seated Incline Curl (Dumbbell)",0,"",1,"normal",20,8,,,
"Piątek - Barki i łapy","7 Aug 2026, 19:12","7 Aug 2026, 21:30","","Triceps Pushdown V-Grip",0,"",0,"normal",45,10,,,
"Piątek - Barki i łapy","7 Aug 2026, 19:12","7 Aug 2026, 21:30","","Triceps Pushdown V-Grip",0,"",1,"normal",46.25,9,,,
"Piątek - Barki i łapy","7 Aug 2026, 19:12","7 Aug 2026, 21:30","","Hammer Curl (Cable)",1,"",0,"normal",38.25,10,,,
"Piątek - Barki i łapy","7 Aug 2026, 19:12","7 Aug 2026, 21:30","","Hammer Curl (Cable)",1,"",1,"normal",40,9,,,
"Piątek - Barki i łapy","7 Aug 2026, 19:12","7 Aug 2026, 21:30","","Single Arm Triceps Pushdown (Cable) (Catana)",1,"",0,"normal",13.75,9,,,
"Piątek - Barki i łapy","7 Aug 2026, 19:12","7 Aug 2026, 21:30","","Single Arm Triceps Pushdown (Cable) (Catana)",1,"",1,"normal",15,6,,,
"Czwartek - Góra - Hiperchujnia","6 Aug 2026, 18:50","6 Aug 2026, 20:56","","Feet Up Bench Press (Barbell)",,"Braklo deczko przy ostatnim - do poprawy, kurwa jego mac.",0,"normal",89.5,10,,,
"Czwartek - Góra - Hiperchujnia","6 Aug 2026, 18:50","6 Aug 2026, 20:56","","Feet Up Bench Press (Barbell)",,"Braklo deczko przy ostatnim - do poprawy, kurwa jego mac.",1,"normal",92,9,,,
"Czwartek - Góra - Hiperchujnia","6 Aug 2026, 18:50","6 Aug 2026, 20:56","","Feet Up Bench Press (Barbell)",,"Braklo deczko przy ostatnim - do poprawy, kurwa jego mac.",2,"failure",94.5,7,,,
"Czwartek - Góra - Hiperchujnia","6 Aug 2026, 18:50","6 Aug 2026, 20:56","","Lat Pulldown - Close Grip (Cable)",,"",0,"normal",99.5,10,,,
"Czwartek - Góra - Hiperchujnia","6 Aug 2026, 18:50","6 Aug 2026, 20:56","","Lat Pulldown - Close Grip (Cable)",,"",1,"normal",103,9,,,
"Czwartek - Góra - Hiperchujnia","6 Aug 2026, 18:50","6 Aug 2026, 20:56","","Lat Pulldown - Close Grip (Cable)",,"",2,"normal",106.5,8,,,
"Czwartek - Góra - Hiperchujnia","6 Aug 2026, 18:50","6 Aug 2026, 20:56","","Lat Pulldown - Close Grip (Cable)",,"",3,"failure",80,12,,,
"Czwartek - Góra - Hiperchujnia","6 Aug 2026, 18:50","6 Aug 2026, 20:56","","Incline Chest Press (Machine)",,"",0,"normal",110,9,,,
"Czwartek - Góra - Hiperchujnia","6 Aug 2026, 18:50","6 Aug 2026, 20:56","","Incline Chest Press (Machine)",,"",1,"normal",112.5,8,,,
"Czwartek - Góra - Hiperchujnia","6 Aug 2026, 18:50","6 Aug 2026, 20:56","","Incline Chest Press (Machine)",,"",2,"failure",115,6,,,
"Czwartek - Góra - Hiperchujnia","6 Aug 2026, 18:50","6 Aug 2026, 20:56","","Incline Chest Press (Machine)",,"",3,"failure",86,12,,,
"Czwartek - Góra - Hiperchujnia","6 Aug 2026, 18:50","6 Aug 2026, 20:56","","Iso-Lateral High Row (Machine)",,"",0,"normal",142.5,10,,,
"Czwartek - Góra - Hiperchujnia","6 Aug 2026, 18:50","6 Aug 2026, 20:56","","Iso-Lateral High Row (Machine)",,"",1,"normal",152.5,8,,,
"Czwartek - Góra - Hiperchujnia","6 Aug 2026, 18:50","6 Aug 2026, 20:56","","Iso-Lateral High Row (Machine)",,"",2,"failure",115,13,,,
"Czwartek - Góra - Hiperchujnia","6 Aug 2026, 18:50","6 Aug 2026, 20:56","","Butterfly (Pec Deck)",,"",0,"normal",115,10,,,
"Czwartek - Góra - Hiperchujnia","6 Aug 2026, 18:50","6 Aug 2026, 20:56","","Butterfly (Pec Deck)",,"",1,"normal",117,8,,,
"Czwartek - Góra - Hiperchujnia","6 Aug 2026, 18:50","6 Aug 2026, 20:56","","Butterfly (Pec Deck)",,"",2,"failure",88,9,,,
"Czwartek - Góra - Hiperchujnia","6 Aug 2026, 18:50","6 Aug 2026, 20:56","","Pullover (Machine)",,"",0,"normal",105,12,,,
"Czwartek - Góra - Hiperchujnia","6 Aug 2026, 18:50","6 Aug 2026, 20:56","","Pullover (Machine)",,"",1,"normal",110,10,,,
"Czwartek - Góra - Hiperchujnia","6 Aug 2026, 18:50","6 Aug 2026, 20:56","","Pullover (Machine)",,"",2,"normal",115,8,,,
"Środa - Dzień cardio","5 Aug 2026, 18:37","5 Aug 2026, 19:28","","Treadmill",,"",0,"normal",,,4,3087,
"Wtorek - Dół","4 Aug 2026, 19:08","4 Aug 2026, 21:29","","Warm Up",,"",0,"normal",,,,1200,
"Wtorek - Dół","4 Aug 2026, 19:08","4 Aug 2026, 21:29","","Front Squat",,"",0,"normal",106,5,,,
"Wtorek - Dół","4 Aug 2026, 19:08","4 Aug 2026, 21:29","","Front Squat",,"",1,"normal",111,4,,,
"Wtorek - Dół","4 Aug 2026, 19:08","4 Aug 2026, 21:29","","Front Squat",,"",2,"normal",116,3,,,
"Wtorek - Dół","4 Aug 2026, 19:08","4 Aug 2026, 21:29","","Romanian Deadlift (Barbell)",,"",0,"normal",133.5,9,,,
"Wtorek - Dół","4 Aug 2026, 19:08","4 Aug 2026, 21:29","","Romanian Deadlift (Barbell)",,"",1,"normal",143.5,8,,,
"Wtorek - Dół","4 Aug 2026, 19:08","4 Aug 2026, 21:29","","Romanian Deadlift (Barbell)",,"",2,"normal",153.5,6,,,
"Wtorek - Dół","4 Aug 2026, 19:08","4 Aug 2026, 21:29","","Belt Squat (Machine)",,"",0,"normal",170,12,,,
"Wtorek - Dół","4 Aug 2026, 19:08","4 Aug 2026, 21:29","","Belt Squat (Machine)",,"",1,"normal",180,10,,,
"Wtorek - Dół","4 Aug 2026, 19:08","4 Aug 2026, 21:29","","Belt Squat (Machine)",,"",2,"normal",190,10,,,
"Wtorek - Dół","4 Aug 2026, 19:08","4 Aug 2026, 21:29","","Leg Extension (Machine)",0,"",0,"normal",95,11,,,
"Wtorek - Dół","4 Aug 2026, 19:08","4 Aug 2026, 21:29","","Leg Extension (Machine)",0,"",1,"normal",97.5,11,,,
"Wtorek - Dół","4 Aug 2026, 19:08","4 Aug 2026, 21:29","","Leg Extension (Machine)",0,"",2,"normal",100,10,,,
"Wtorek - Dół","4 Aug 2026, 19:08","4 Aug 2026, 21:29","","Lying Leg Curl (Machine)",0,"",0,"normal",57.5,10,,,
"Wtorek - Dół","4 Aug 2026, 19:08","4 Aug 2026, 21:29","","Lying Leg Curl (Machine)",0,"",1,"normal",60,6,,,
"Wtorek - Dół","4 Aug 2026, 19:08","4 Aug 2026, 21:29","","Lying Leg Curl (Machine)",0,"",2,"normal",60,7,,,
"Wtorek - Dół","4 Aug 2026, 19:08","4 Aug 2026, 21:29","","Hip Adduction (Machine)",,"",0,"normal",100,13,,,
"Wtorek - Dół","4 Aug 2026, 19:08","4 Aug 2026, 21:29","","Hip Adduction (Machine)",,"",1,"normal",100,13,,,
"Wtorek - Dół","4 Aug 2026, 19:08","4 Aug 2026, 21:29","","Cable Crunch",,"",0,"normal",55,12,,,
"Wtorek - Dół","4 Aug 2026, 19:08","4 Aug 2026, 21:29","","Cable Crunch",,"",1,"normal",55,12,,,
"Wtorek - Dół","4 Aug 2026, 19:08","4 Aug 2026, 21:29","","Cable Crunch",,"",2,"normal",55,11,,,
"Wtorek - Dół","4 Aug 2026, 19:08","4 Aug 2026, 21:29","","Cable Core Pallof Press",,"",0,"normal",26.25,9,,,
"Wtorek - Dół","4 Aug 2026, 19:08","4 Aug 2026, 21:29","","Cable Core Pallof Press",,"",1,"normal",27.5,8,,,
"Poniedziałek - Góra","3 Aug 2026, 19:04","3 Aug 2026, 21:09","","Bench Press (Barbell)",,"Jebać plaską na redukcji.",0,"normal",97.5,7,,,
"Poniedziałek - Góra","3 Aug 2026, 19:04","3 Aug 2026, 21:09","","Bench Press (Barbell)",,"Jebać plaską na redukcji.",1,"normal",100,6,,,
"Poniedziałek - Góra","3 Aug 2026, 19:04","3 Aug 2026, 21:09","","Bench Press (Barbell)",,"Jebać plaską na redukcji.",2,"normal",102.5,5,,,
"Poniedziałek - Góra","3 Aug 2026, 19:04","3 Aug 2026, 21:09","","Bench Press (Barbell)",,"Jebać plaską na redukcji.",3,"failure",105,3,,,
"Poniedziałek - Góra","3 Aug 2026, 19:04","3 Aug 2026, 21:09","","Pull Up",,"",0,"normal",,11,,,
"Poniedziałek - Góra","3 Aug 2026, 19:04","3 Aug 2026, 21:09","","Pull Up",,"",1,"normal",,10,,,
"Poniedziałek - Góra","3 Aug 2026, 19:04","3 Aug 2026, 21:09","","Pull Up",,"",2,"normal",,9,,,
"Poniedziałek - Góra","3 Aug 2026, 19:04","3 Aug 2026, 21:09","","Pull Up",,"",3,"normal",,8,,,
"Poniedziałek - Góra","3 Aug 2026, 19:04","3 Aug 2026, 21:09","","Incline Bench Press (Smith Machine)",,"",0,"normal",77.5,8,,,
"Poniedziałek - Góra","3 Aug 2026, 19:04","3 Aug 2026, 21:09","","Incline Bench Press (Smith Machine)",,"",1,"normal",80,7,,,
"Poniedziałek - Góra","3 Aug 2026, 19:04","3 Aug 2026, 21:09","","Incline Bench Press (Smith Machine)",,"",2,"failure",82.5,5,,,
"Poniedziałek - Góra","3 Aug 2026, 19:04","3 Aug 2026, 21:09","","T Bar Row",,"",0,"normal",66,10,,,
"Poniedziałek - Góra","3 Aug 2026, 19:04","3 Aug 2026, 21:09","","T Bar Row",,"",1,"normal",71,8,,,
"Poniedziałek - Góra","3 Aug 2026, 19:04","3 Aug 2026, 21:09","","T Bar Row",,"",2,"failure",76,8,,,
"Poniedziałek - Góra","3 Aug 2026, 19:04","3 Aug 2026, 21:09","","Low Cable Fly Crossovers",,"",0,"normal",17.5,10,,,
"Poniedziałek - Góra","3 Aug 2026, 19:04","3 Aug 2026, 21:09","","Low Cable Fly Crossovers",,"",1,"normal",18.75,9,,,
"Poniedziałek - Góra","3 Aug 2026, 19:04","3 Aug 2026, 21:09","","Low Cable Fly Crossovers",,"",2,"failure",13.75,11,,,
"Poniedziałek - Góra","3 Aug 2026, 19:04","3 Aug 2026, 21:09","","Single Arm Cable Row",,"",0,"normal",53.75,11,,,
"Poniedziałek - Góra","3 Aug 2026, 19:04","3 Aug 2026, 21:09","","Single Arm Cable Row",,"",1,"normal",55,10,,,
"Poniedziałek - Góra","3 Aug 2026, 19:04","3 Aug 2026, 21:09","","Single Arm Cable Row",,"",2,"normal",41.25,12,,,
"Poniedziałek - Góra","3 Aug 2026, 19:04","3 Aug 2026, 21:09","","Lateral Raise (Machine)",,"",0,"normal",65,7,,,
"Poniedziałek - Góra","3 Aug 2026, 19:04","3 Aug 2026, 21:09","","Lateral Raise (Machine)",,"",1,"failure",47.5,11,,,
"Poniedziałek - Góra","3 Aug 2026, 19:04","3 Aug 2026, 21:09","","Rear Delt Reverse Fly (Machine)",,"",0,"normal",25,10,,,
"Poniedziałek - Góra","3 Aug 2026, 19:04","3 Aug 2026, 21:09","","Rear Delt Reverse Fly (Machine)",,"",1,"normal",17.5,13,,,
"Poniedziałek - Góra","3 Aug 2026, 19:04","3 Aug 2026, 21:09","","Bicep Curl (Cable)",0,"",0,"normal",35,8,,,
"Poniedziałek - Góra","3 Aug 2026, 19:04","3 Aug 2026, 21:09","","Bicep Curl (Cable)",0,"",1,"failure",26.25,12,,,
"Poniedziałek - Góra","3 Aug 2026, 19:04","3 Aug 2026, 21:09","","Triceps Rope Pushdown",0,"",0,"normal",35,8,,,
"Poniedziałek - Góra","3 Aug 2026, 19:04","3 Aug 2026, 21:09","","Triceps Rope Pushdown",0,"",1,"failure",27.5,12,,,
"Gdy brak czasu ci doskwiera, szybka sobota cię sponiewiera.","1 Aug 2026, 12:46","1 Aug 2026, 13:48","","Hack Squat (Machine) Kapelanka",,"",0,"normal",147,10,,,
"Gdy brak czasu ci doskwiera, szybka sobota cię sponiewiera.","1 Aug 2026, 12:46","1 Aug 2026, 13:48","","Hack Squat (Machine) Kapelanka",,"",1,"normal",149.5,9,,,
"Gdy brak czasu ci doskwiera, szybka sobota cię sponiewiera.","1 Aug 2026, 12:46","1 Aug 2026, 13:48","","Hack Squat (Machine) Kapelanka",,"",2,"normal",152,8,,,
"Gdy brak czasu ci doskwiera, szybka sobota cię sponiewiera.","1 Aug 2026, 12:46","1 Aug 2026, 13:48","","Leg Extension (Machine) Kapelanka",0,"",0,"normal",91.5,10,,,
"Gdy brak czasu ci doskwiera, szybka sobota cię sponiewiera.","1 Aug 2026, 12:46","1 Aug 2026, 13:48","","Leg Extension (Machine) Kapelanka",0,"",1,"normal",96,10,,,
"Gdy brak czasu ci doskwiera, szybka sobota cię sponiewiera.","1 Aug 2026, 12:46","1 Aug 2026, 13:48","","Leg Extension (Machine) Kapelanka",0,"",2,"normal",98.5,10,,,
"Gdy brak czasu ci doskwiera, szybka sobota cię sponiewiera.","1 Aug 2026, 12:46","1 Aug 2026, 13:48","","Lying Leg Curl (Machine) Kapelanka",0,"",0,"normal",62.5,10,,,
"Gdy brak czasu ci doskwiera, szybka sobota cię sponiewiera.","1 Aug 2026, 12:46","1 Aug 2026, 13:48","","Lying Leg Curl (Machine) Kapelanka",0,"",1,"normal",67,10,,,
"Gdy brak czasu ci doskwiera, szybka sobota cię sponiewiera.","1 Aug 2026, 12:46","1 Aug 2026, 13:48","","Lying Leg Curl (Machine) Kapelanka",0,"",2,"normal",69.5,10,,,
"Gdy brak czasu ci doskwiera, szybka sobota cię sponiewiera.","1 Aug 2026, 12:46","1 Aug 2026, 13:48","","Hanging Leg Raise",,"",0,"normal",,18,,,
"Gdy brak czasu ci doskwiera, szybka sobota cię sponiewiera.","1 Aug 2026, 12:46","1 Aug 2026, 13:48","","Hanging Leg Raise",,"",1,"normal",,17,,,
"Gdy brak czasu ci doskwiera, szybka sobota cię sponiewiera.","1 Aug 2026, 12:46","1 Aug 2026, 13:48","","Hanging Leg Raise",,"",2,"normal",,16,,,
"Gdy brak czasu ci doskwiera, szybka sobota cię sponiewiera.","1 Aug 2026, 12:46","1 Aug 2026, 13:48","","Cable Crunch - Wyciąg Kapelanka - Na Podwyższeniu 15cm",,"",0,"normal",44.5,12,,,
"Gdy brak czasu ci doskwiera, szybka sobota cię sponiewiera.","1 Aug 2026, 12:46","1 Aug 2026, 13:48","","Cable Crunch - Wyciąg Kapelanka - Na Podwyższeniu 15cm",,"",1,"normal",46.25,8,,,
"Gdy brak czasu ci doskwiera, szybka sobota cię sponiewiera.","1 Aug 2026, 12:46","1 Aug 2026, 13:48","","Cable Crunch - Wyciąg Kapelanka - Na Podwyższeniu 15cm",,"",2,"normal",46.25,10,,,
"Piątek - Barki i łapy","31 Jul 2026, 19:15","31 Jul 2026, 21:30","","Overhead Press (Smith Machine)",,"W koncu 80kg na 4 ruchy, nie wiem jakim cudem.\nOstatnia seria - scisla izolacja do odciecia.",0,"normal",70,8,,,
"Piątek - Barki i łapy","31 Jul 2026, 19:15","31 Jul 2026, 21:30","","Overhead Press (Smith Machine)",,"W koncu 80kg na 4 ruchy, nie wiem jakim cudem.\nOstatnia seria - scisla izolacja do odciecia.",1,"normal",75,6,,,
"Piątek - Barki i łapy","31 Jul 2026, 19:15","31 Jul 2026, 21:30","","Overhead Press (Smith Machine)",,"W koncu 80kg na 4 ruchy, nie wiem jakim cudem.\nOstatnia seria - scisla izolacja do odciecia.",2,"normal",80,4,,,
"Piątek - Barki i łapy","31 Jul 2026, 19:15","31 Jul 2026, 21:30","","Overhead Press (Smith Machine)",,"W koncu 80kg na 4 ruchy, nie wiem jakim cudem.\nOstatnia seria - scisla izolacja do odciecia.",3,"failure",60,11,,,
"Piątek - Barki i łapy","31 Jul 2026, 19:15","31 Jul 2026, 21:30","","Lateral Raise (Dumbbell)",,"",0,"normal",15,16,,,
"Piątek - Barki i łapy","31 Jul 2026, 19:15","31 Jul 2026, 21:30","","Lateral Raise (Dumbbell)",,"",1,"failure",17.5,10,,,
"Piątek - Barki i łapy","31 Jul 2026, 19:15","31 Jul 2026, 21:30","","Single Arm Lateral Raise (Cable)",,"",0,"normal",10,10,,,
"Piątek - Barki i łapy","31 Jul 2026, 19:15","31 Jul 2026, 21:30","","Single Arm Lateral Raise (Cable)",,"",1,"normal",11.25,9,,,
"Piątek - Barki i łapy","31 Jul 2026, 19:15","31 Jul 2026, 21:30","","Face Pull",,"",0,"normal",32.5,12,,,
"Piątek - Barki i łapy","31 Jul 2026, 19:15","31 Jul 2026, 21:30","","Face Pull",,"",1,"normal",32.5,12,,,
"Piątek - Barki i łapy","31 Jul 2026, 19:15","31 Jul 2026, 21:30","","Face Pull",,"",2,"normal",33.75,11,,,
"Piątek - Barki i łapy","31 Jul 2026, 19:15","31 Jul 2026, 21:30","","Face Pull",,"",3,"failure",26,16,,,
"Piątek - Barki i łapy","31 Jul 2026, 19:15","31 Jul 2026, 21:30","","Preacher Curl (Machine)",,"",0,"normal",55,6,,,
"Piątek - Barki i łapy","31 Jul 2026, 19:15","31 Jul 2026, 21:30","","Preacher Curl (Machine)",,"",1,"normal",57.5,5,,,
"Piątek - Barki i łapy","31 Jul 2026, 19:15","31 Jul 2026, 21:30","","Preacher Curl (Machine)",,"",2,"failure",43.5,7,,,
"Piątek - Barki i łapy","31 Jul 2026, 19:15","31 Jul 2026, 21:30","","Skullcrusher (Barbell)",,"",0,"normal",51.5,7,,,
"Piątek - Barki i łapy","31 Jul 2026, 19:15","31 Jul 2026, 21:30","","Skullcrusher (Barbell)",,"",1,"normal",54,6,,,
"Piątek - Barki i łapy","31 Jul 2026, 19:15","31 Jul 2026, 21:30","","Skullcrusher (Barbell)",,"",2,"normal",41.5,13,,,
"Piątek - Barki i łapy","31 Jul 2026, 19:15","31 Jul 2026, 21:30","","Seated Incline Curl (Dumbbell)",0,"Druga seria - egolifting, ugiete silą pędu xd",0,"normal",17.5,12,,,
"Piątek - Barki i łapy","31 Jul 2026, 19:15","31 Jul 2026, 21:30","","Seated Incline Curl (Dumbbell)",0,"Druga seria - egolifting, ugiete silą pędu xd",1,"normal",20,8,,,
"Piątek - Barki i łapy","31 Jul 2026, 19:15","31 Jul 2026, 21:30","","Triceps Pushdown V-Grip",0,"",0,"normal",43.75,10,,,
"Piątek - Barki i łapy","31 Jul 2026, 19:15","31 Jul 2026, 21:30","","Triceps Pushdown V-Grip",0,"",1,"normal",45,9,,,
"Piątek - Barki i łapy","31 Jul 2026, 19:15","31 Jul 2026, 21:30","","Hammer Curl (Cable)",1,"Troche egolifting, ale dzis taki dzien",0,"normal",37.5,10,,,
"Piątek - Barki i łapy","31 Jul 2026, 19:15","31 Jul 2026, 21:30","","Hammer Curl (Cable)",1,"Troche egolifting, ale dzis taki dzien",1,"normal",38.75,9,,,
"Piątek - Barki i łapy","31 Jul 2026, 19:15","31 Jul 2026, 21:30","","Single Arm Triceps Pushdown (Cable) (Catana)",1,"",0,"normal",12.5,10,,,
"Piątek - Barki i łapy","31 Jul 2026, 19:15","31 Jul 2026, 21:30","","Single Arm Triceps Pushdown (Cable) (Catana)",1,"",1,"normal",13.75,9,,,
"Czwartek - Góra - Hiperchujnia","30 Jul 2026, 18:48","30 Jul 2026, 20:49","","Feet Up Bench Press (Barbell)",,"Lepiej dzis, lepsza kontrola i to jesCze kilogram wiecej",0,"normal",88.5,10,,,
"Czwartek - Góra - Hiperchujnia","30 Jul 2026, 18:48","30 Jul 2026, 20:49","","Feet Up Bench Press (Barbell)",,"Lepiej dzis, lepsza kontrola i to jesCze kilogram wiecej",1,"normal",91,9,,,
"Czwartek - Góra - Hiperchujnia","30 Jul 2026, 18:48","30 Jul 2026, 20:49","","Feet Up Bench Press (Barbell)",,"Lepiej dzis, lepsza kontrola i to jesCze kilogram wiecej",2,"normal",93.5,8,,,
"Czwartek - Góra - Hiperchujnia","30 Jul 2026, 18:48","30 Jul 2026, 20:49","","Lat Pulldown - Close Grip (Cable)",,"Ostatnia seria - najwyższa precyzja, bez egoftingu",0,"normal",96,10,,,
"Czwartek - Góra - Hiperchujnia","30 Jul 2026, 18:48","30 Jul 2026, 20:49","","Lat Pulldown - Close Grip (Cable)",,"Ostatnia seria - najwyższa precyzja, bez egoftingu",1,"normal",99.5,9,,,
"Czwartek - Góra - Hiperchujnia","30 Jul 2026, 18:48","30 Jul 2026, 20:49","","Lat Pulldown - Close Grip (Cable)",,"Ostatnia seria - najwyższa precyzja, bez egoftingu",2,"normal",103,8,,,
"Czwartek - Góra - Hiperchujnia","30 Jul 2026, 18:48","30 Jul 2026, 20:49","","Lat Pulldown - Close Grip (Cable)",,"Ostatnia seria - najwyższa precyzja, bez egoftingu",3,"failure",78.5,11,,,
"Czwartek - Góra - Hiperchujnia","30 Jul 2026, 18:48","30 Jul 2026, 20:49","","Incline Chest Press (Machine)",,"",0,"normal",110,8,,,
"Czwartek - Góra - Hiperchujnia","30 Jul 2026, 18:48","30 Jul 2026, 20:49","","Incline Chest Press (Machine)",,"",1,"normal",110,8,,,
"Czwartek - Góra - Hiperchujnia","30 Jul 2026, 18:48","30 Jul 2026, 20:49","","Incline Chest Press (Machine)",,"",2,"failure",112.5,6,,,
"Czwartek - Góra - Hiperchujnia","30 Jul 2026, 18:48","30 Jul 2026, 20:49","","Incline Chest Press (Machine)",,"",3,"failure",83.5,12,,,
"Czwartek - Góra - Hiperchujnia","30 Jul 2026, 18:48","30 Jul 2026, 20:49","","Iso-Lateral High Row (Machine)",,"Ostatnia seria - scisla izolacja, najszerszy musi płonąć. Ogolnie to prawa strona ciala chce wiecej, ale lewa deczko odstaje",0,"normal",140,10,,,
"Czwartek - Góra - Hiperchujnia","30 Jul 2026, 18:48","30 Jul 2026, 20:49","","Iso-Lateral High Row (Machine)",,"Ostatnia seria - scisla izolacja, najszerszy musi płonąć. Ogolnie to prawa strona ciala chce wiecej, ale lewa deczko odstaje",1,"normal",150,8,,,
"Czwartek - Góra - Hiperchujnia","30 Jul 2026, 18:48","30 Jul 2026, 20:49","","Iso-Lateral High Row (Machine)",,"Ostatnia seria - scisla izolacja, najszerszy musi płonąć. Ogolnie to prawa strona ciala chce wiecej, ale lewa deczko odstaje",2,"failure",112.5,12,,,
"Czwartek - Góra - Hiperchujnia","30 Jul 2026, 18:48","30 Jul 2026, 20:49","","Butterfly (Pec Deck)",,"Ostatnia seria - najwyższa precyzja, bez egoftingu",0,"normal",112.5,11,,,
"Czwartek - Góra - Hiperchujnia","30 Jul 2026, 18:48","30 Jul 2026, 20:49","","Butterfly (Pec Deck)",,"Ostatnia seria - najwyższa precyzja, bez egoftingu",1,"normal",115,9,,,
"Czwartek - Góra - Hiperchujnia","30 Jul 2026, 18:48","30 Jul 2026, 20:49","","Butterfly (Pec Deck)",,"Ostatnia seria - najwyższa precyzja, bez egoftingu",2,"failure",87,9,,,
"Czwartek - Góra - Hiperchujnia","30 Jul 2026, 18:48","30 Jul 2026, 20:49","","Pullover (Machine)",,"",0,"normal",102.5,12,,,
"Czwartek - Góra - Hiperchujnia","30 Jul 2026, 18:48","30 Jul 2026, 20:49","","Pullover (Machine)",,"",1,"normal",107.5,11,,,
"Czwartek - Góra - Hiperchujnia","30 Jul 2026, 18:48","30 Jul 2026, 20:49","","Pullover (Machine)",,"",2,"failure",112.5,9,,,
"Wtorek - Dół","29 Jul 2026, 19:10","29 Jul 2026, 21:17","","Warm Up",,"",0,"normal",,,,960,
"Wtorek - Dół","29 Jul 2026, 19:10","29 Jul 2026, 21:17","","Front Squat",,"",0,"normal",105,5,,,
"Wtorek - Dół","29 Jul 2026, 19:10","29 Jul 2026, 21:17","","Front Squat",,"",1,"normal",110,4,,,
"Wtorek - Dół","29 Jul 2026, 19:10","29 Jul 2026, 21:17","","Front Squat",,"",2,"normal",115,3,,,
"Wtorek - Dół","29 Jul 2026, 19:10","29 Jul 2026, 21:17","","Romanian Deadlift (Barbell)",,"",0,"normal",132.5,9,,,
"Wtorek - Dół","29 Jul 2026, 19:10","29 Jul 2026, 21:17","","Romanian Deadlift (Barbell)",,"",1,"normal",142.5,8,,,
"Wtorek - Dół","29 Jul 2026, 19:10","29 Jul 2026, 21:17","","Romanian Deadlift (Barbell)",,"",2,"normal",152.5,6,,,
"Wtorek - Dół","29 Jul 2026, 19:10","29 Jul 2026, 21:17","","Belt Squat (Machine)",,"",0,"normal",160,12,,,
"Wtorek - Dół","29 Jul 2026, 19:10","29 Jul 2026, 21:17","","Belt Squat (Machine)",,"",1,"normal",170,10,,,
"Wtorek - Dół","29 Jul 2026, 19:10","29 Jul 2026, 21:17","","Belt Squat (Machine)",,"",2,"normal",180,8,,,
"Wtorek - Dół","29 Jul 2026, 19:10","29 Jul 2026, 21:17","","Leg Extension (Machine)",0,"",0,"normal",95,10,,,
"Wtorek - Dół","29 Jul 2026, 19:10","29 Jul 2026, 21:17","","Leg Extension (Machine)",0,"",1,"normal",97.5,10,,,
"Wtorek - Dół","29 Jul 2026, 19:10","29 Jul 2026, 21:17","","Leg Extension (Machine)",0,"",2,"normal",100,10,,,
"Wtorek - Dół","29 Jul 2026, 19:10","29 Jul 2026, 21:17","","Seated Leg Curl (Machine)",0,"Lezaca maszyna nieczynna",0,"normal",65,10,,,
"Wtorek - Dół","29 Jul 2026, 19:10","29 Jul 2026, 21:17","","Seated Leg Curl (Machine)",0,"Lezaca maszyna nieczynna",1,"normal",70,9,,,
"Wtorek - Dół","29 Jul 2026, 19:10","29 Jul 2026, 21:17","","Seated Leg Curl (Machine)",0,"Lezaca maszyna nieczynna",2,"normal",75,8,,,
"Wtorek - Dół","29 Jul 2026, 19:10","29 Jul 2026, 21:17","","Hip Adduction (Machine)",,"",0,"normal",100,12,,,
"Wtorek - Dół","29 Jul 2026, 19:10","29 Jul 2026, 21:17","","Hip Adduction (Machine)",,"",1,"normal",100,11,,,
"Wtorek - Dół","29 Jul 2026, 19:10","29 Jul 2026, 21:17","","Cable Crunch",,"",0,"normal",53.75,13,,,
"Wtorek - Dół","29 Jul 2026, 19:10","29 Jul 2026, 21:17","","Cable Crunch",,"",1,"normal",55,10,,,
"Wtorek - Dół","29 Jul 2026, 19:10","29 Jul 2026, 21:17","","Cable Crunch",,"",2,"normal",55,11,,,
"Wtorek - Dół","29 Jul 2026, 19:10","29 Jul 2026, 21:17","","Cable Core Pallof Press",,"",0,"normal",25,9,,,
"Wtorek - Dół","29 Jul 2026, 19:10","29 Jul 2026, 21:17","","Cable Core Pallof Press",,"",1,"normal",26.25,8,,,
"Poniedziałek - Góra","27 Jul 2026, 18:59","27 Jul 2026, 21:32","","Bench Press (Barbell)",,"W ostatniej serii chyba bylby fail bo kolega odrobinke pomogl przy ostatnim powtorzeniu. Redukcja daje sie we znaki",0,"normal",97.5,8,,,
"Poniedziałek - Góra","27 Jul 2026, 18:59","27 Jul 2026, 21:32","","Bench Press (Barbell)",,"W ostatniej serii chyba bylby fail bo kolega odrobinke pomogl przy ostatnim powtorzeniu. Redukcja daje sie we znaki",1,"normal",100,7,,,
"Poniedziałek - Góra","27 Jul 2026, 18:59","27 Jul 2026, 21:32","","Bench Press (Barbell)",,"W ostatniej serii chyba bylby fail bo kolega odrobinke pomogl przy ostatnim powtorzeniu. Redukcja daje sie we znaki",2,"normal",102.5,5,,,
"Poniedziałek - Góra","27 Jul 2026, 18:59","27 Jul 2026, 21:32","","Bench Press (Barbell)",,"W ostatniej serii chyba bylby fail bo kolega odrobinke pomogl przy ostatnim powtorzeniu. Redukcja daje sie we znaki",3,"failure",105,3,,,
"Poniedziałek - Góra","27 Jul 2026, 18:59","27 Jul 2026, 21:32","","Pull Up",,"",0,"normal",,11,,,
"Poniedziałek - Góra","27 Jul 2026, 18:59","27 Jul 2026, 21:32","","Pull Up",,"",1,"normal",,10,,,
"Poniedziałek - Góra","27 Jul 2026, 18:59","27 Jul 2026, 21:32","","Pull Up",,"",2,"normal",,9,,,
"Poniedziałek - Góra","27 Jul 2026, 18:59","27 Jul 2026, 21:32","","Pull Up",,"",3,"normal",,8,,,
"Poniedziałek - Góra","27 Jul 2026, 18:59","27 Jul 2026, 21:32","","Incline Bench Press (Smith Machine)",,"",0,"normal",77.5,7,,,
"Poniedziałek - Góra","27 Jul 2026, 18:59","27 Jul 2026, 21:32","","Incline Bench Press (Smith Machine)",,"",1,"normal",80,6,,,
"Poniedziałek - Góra","27 Jul 2026, 18:59","27 Jul 2026, 21:32","","Incline Bench Press (Smith Machine)",,"",2,"failure",82.5,4,,,
"Poniedziałek - Góra","27 Jul 2026, 18:59","27 Jul 2026, 21:32","","T Bar Row",,"",0,"normal",65,10,,,
"Poniedziałek - Góra","27 Jul 2026, 18:59","27 Jul 2026, 21:32","","T Bar Row",,"",1,"normal",70,8,,,
"Poniedziałek - Góra","27 Jul 2026, 18:59","27 Jul 2026, 21:32","","T Bar Row",,"",2,"failure",75,7,,,
"Poniedziałek - Góra","27 Jul 2026, 18:59","27 Jul 2026, 21:32","","Low Cable Fly Crossovers",,"Ostatnia seria - scisla izolacja gornego aktonu",0,"normal",17.5,9,,,
"Poniedziałek - Góra","27 Jul 2026, 18:59","27 Jul 2026, 21:32","","Low Cable Fly Crossovers",,"Ostatnia seria - scisla izolacja gornego aktonu",1,"normal",18.75,8,,,
"Poniedziałek - Góra","27 Jul 2026, 18:59","27 Jul 2026, 21:32","","Low Cable Fly Crossovers",,"Ostatnia seria - scisla izolacja gornego aktonu",2,"failure",13.75,10,,,
"Poniedziałek - Góra","27 Jul 2026, 18:59","27 Jul 2026, 21:32","","Single Arm Cable Row",,"Ostatnia seria - znow scisla izolacja najszerszego, palimy skurwysyna - ale rob w paskach bo przedramiona puszczą :/",0,"normal",51.25,12,,,
"Poniedziałek - Góra","27 Jul 2026, 18:59","27 Jul 2026, 21:32","","Single Arm Cable Row",,"Ostatnia seria - znow scisla izolacja najszerszego, palimy skurwysyna - ale rob w paskach bo przedramiona puszczą :/",1,"normal",53.75,10,,,
"Poniedziałek - Góra","27 Jul 2026, 18:59","27 Jul 2026, 21:32","","Single Arm Cable Row",,"Ostatnia seria - znow scisla izolacja najszerszego, palimy skurwysyna - ale rob w paskach bo przedramiona puszczą :/",2,"normal",40,10,,,
"Poniedziałek - Góra","27 Jul 2026, 18:59","27 Jul 2026, 21:32","","Lateral Raise (Machine)",,"Ostatnia seria - scisla izolacja",0,"normal",62.5,8,,,
"Poniedziałek - Góra","27 Jul 2026, 18:59","27 Jul 2026, 21:32","","Lateral Raise (Machine)",,"Ostatnia seria - scisla izolacja",1,"normal",47.5,10,,,
"Poniedziałek - Góra","27 Jul 2026, 18:59","27 Jul 2026, 21:32","","Rear Delt Reverse Fly (Machine)",,"Ostatnia seria - scisla izolacja",0,"normal",25,9,,,
"Poniedziałek - Góra","27 Jul 2026, 18:59","27 Jul 2026, 21:32","","Rear Delt Reverse Fly (Machine)",,"Ostatnia seria - scisla izolacja",1,"normal",17.5,10,,,
"Poniedziałek - Góra","27 Jul 2026, 18:59","27 Jul 2026, 21:32","","Bicep Curl (Cable)",0,"",0,"normal",33.75,9,,,
"Poniedziałek - Góra","27 Jul 2026, 18:59","27 Jul 2026, 21:32","","Bicep Curl (Cable)",0,"",1,"failure",26.25,10,,,
"Poniedziałek - Góra","27 Jul 2026, 18:59","27 Jul 2026, 21:32","","Triceps Rope Pushdown",0,"",0,"normal",33.75,10,,,
"Poniedziałek - Góra","27 Jul 2026, 18:59","27 Jul 2026, 21:32","","Triceps Rope Pushdown",0,"",1,"failure",26.5,11,,,
"Nogi Brzuch sobotnie","25 Jul 2026, 13:28","25 Jul 2026, 14:38","","Hack Squat (Machine) Kapelanka",,"",0,"normal",147,8,,,
"Nogi Brzuch sobotnie","25 Jul 2026, 13:28","25 Jul 2026, 14:38","","Hack Squat (Machine) Kapelanka",,"",1,"normal",147,8,,,
"Nogi Brzuch sobotnie","25 Jul 2026, 13:28","25 Jul 2026, 14:38","","Hack Squat (Machine) Kapelanka",,"",2,"normal",147,8,,,
"Nogi Brzuch sobotnie","25 Jul 2026, 13:28","25 Jul 2026, 14:38","","Leg Extension (Machine) Kapelanka",,"",0,"normal",82,10,,,
"Nogi Brzuch sobotnie","25 Jul 2026, 13:28","25 Jul 2026, 14:38","","Leg Extension (Machine) Kapelanka",,"",1,"normal",89,10,,,
"Nogi Brzuch sobotnie","25 Jul 2026, 13:28","25 Jul 2026, 14:38","","Leg Extension (Machine) Kapelanka",,"",2,"normal",96,10,,,
"Nogi Brzuch sobotnie","25 Jul 2026, 13:28","25 Jul 2026, 14:38","","Lying Leg Curl (Machine) Kapelanka",,"",0,"normal",53,10,,,
"Nogi Brzuch sobotnie","25 Jul 2026, 13:28","25 Jul 2026, 14:38","","Lying Leg Curl (Machine) Kapelanka",,"",1,"normal",60,10,,,
"Nogi Brzuch sobotnie","25 Jul 2026, 13:28","25 Jul 2026, 14:38","","Lying Leg Curl (Machine) Kapelanka",,"",2,"normal",67,10,,,
"Nogi Brzuch sobotnie","25 Jul 2026, 13:28","25 Jul 2026, 14:38","","Hanging Leg Raise",,"",0,"normal",,17,,,
"Nogi Brzuch sobotnie","25 Jul 2026, 13:28","25 Jul 2026, 14:38","","Hanging Leg Raise",,"",1,"normal",,16,,,
"Nogi Brzuch sobotnie","25 Jul 2026, 13:28","25 Jul 2026, 14:38","","Hanging Leg Raise",,"",2,"normal",,15,,,
"Nogi Brzuch sobotnie","25 Jul 2026, 13:28","25 Jul 2026, 14:38","","Cable Crunch - Wyciąg Kapelanka - Na Podwyższeniu 15cm",,"",0,"normal",44.5,12,,,
"Nogi Brzuch sobotnie","25 Jul 2026, 13:28","25 Jul 2026, 14:38","","Cable Crunch - Wyciąg Kapelanka - Na Podwyższeniu 15cm",,"",1,"normal",44.5,12,,,
"Nogi Brzuch sobotnie","25 Jul 2026, 13:28","25 Jul 2026, 14:38","","Cable Crunch - Wyciąg Kapelanka - Na Podwyższeniu 15cm",,"",2,"normal",46.25,10,,,
"Piątek - Barki i łapy","24 Jul 2026, 19:29","24 Jul 2026, 21:41","","Overhead Press (Smith Machine)",,"Ostatnia seria - scisla izolacja",0,"normal",70,8,,,
"Piątek - Barki i łapy","24 Jul 2026, 19:29","24 Jul 2026, 21:41","","Overhead Press (Smith Machine)",,"Ostatnia seria - scisla izolacja",1,"normal",75,6,,,
"Piątek - Barki i łapy","24 Jul 2026, 19:29","24 Jul 2026, 21:41","","Overhead Press (Smith Machine)",,"Ostatnia seria - scisla izolacja",2,"normal",80,3,,,
"Piątek - Barki i łapy","24 Jul 2026, 19:29","24 Jul 2026, 21:41","","Overhead Press (Smith Machine)",,"Ostatnia seria - scisla izolacja",3,"failure",60,9,,,
"Piątek - Barki i łapy","24 Jul 2026, 19:29","24 Jul 2026, 21:41","","Lateral Raise (Dumbbell)",,"",0,"normal",15,13,,,
"Piątek - Barki i łapy","24 Jul 2026, 19:29","24 Jul 2026, 21:41","","Lateral Raise (Dumbbell)",,"",1,"failure",15,15,,,
"Piątek - Barki i łapy","24 Jul 2026, 19:29","24 Jul 2026, 21:41","","Single Arm Lateral Raise (Cable)",,"",0,"normal",10,9,,,
"Piątek - Barki i łapy","24 Jul 2026, 19:29","24 Jul 2026, 21:41","","Single Arm Lateral Raise (Cable)",,"",1,"normal",11.25,8,,,
"Piątek - Barki i łapy","24 Jul 2026, 19:29","24 Jul 2026, 21:41","","Face Pull",,"",0,"normal",30,13,,,
"Piątek - Barki i łapy","24 Jul 2026, 19:29","24 Jul 2026, 21:41","","Face Pull",,"",1,"normal",31.25,13,,,
"Piątek - Barki i łapy","24 Jul 2026, 19:29","24 Jul 2026, 21:41","","Face Pull",,"",2,"normal",32.5,12,,,
"Piątek - Barki i łapy","24 Jul 2026, 19:29","24 Jul 2026, 21:41","","Face Pull",,"",3,"failure",25,15,,,
"Piątek - Barki i łapy","24 Jul 2026, 19:29","24 Jul 2026, 21:41","","Preacher Curl (Machine)",,"",0,"normal",53.75,7,,,
"Piątek - Barki i łapy","24 Jul 2026, 19:29","24 Jul 2026, 21:41","","Preacher Curl (Machine)",,"",1,"normal",56.25,5,,,
"Piątek - Barki i łapy","24 Jul 2026, 19:29","24 Jul 2026, 21:41","","Preacher Curl (Machine)",,"",2,"failure",42.5,8,,,
"Piątek - Barki i łapy","24 Jul 2026, 19:29","24 Jul 2026, 21:41","","Skullcrusher (Barbell)",,"",0,"normal",51.5,9,,,
"Piątek - Barki i łapy","24 Jul 2026, 19:29","24 Jul 2026, 21:41","","Skullcrusher (Barbell)",,"",1,"normal",54,6,,,
"Piątek - Barki i łapy","24 Jul 2026, 19:29","24 Jul 2026, 21:41","","Skullcrusher (Barbell)",,"",2,"normal",41.5,11,,,
"Piątek - Barki i łapy","24 Jul 2026, 19:29","24 Jul 2026, 21:41","","Seated Incline Curl (Dumbbell)",0,"",0,"normal",17.5,11,,,
"Piątek - Barki i łapy","24 Jul 2026, 19:29","24 Jul 2026, 21:41","","Seated Incline Curl (Dumbbell)",0,"",1,"normal",20,6,,,
"Piątek - Barki i łapy","24 Jul 2026, 19:29","24 Jul 2026, 21:41","","Triceps Pushdown V-Grip",0,"",0,"normal",43.75,9,,,
"Piątek - Barki i łapy","24 Jul 2026, 19:29","24 Jul 2026, 21:41","","Triceps Pushdown V-Grip",0,"",1,"normal",45,8,,,
"Piątek - Barki i łapy","24 Jul 2026, 19:29","24 Jul 2026, 21:41","","Hammer Curl (Cable)",1,"",0,"normal",37.5,9,,,
"Piątek - Barki i łapy","24 Jul 2026, 19:29","24 Jul 2026, 21:41","","Hammer Curl (Cable)",1,"",1,"normal",38.75,8,,,
"Piątek - Barki i łapy","24 Jul 2026, 19:29","24 Jul 2026, 21:41","","Single Arm Triceps Pushdown (Cable) (Catana)",1,"",0,"normal",12.5,9,,,
"Piątek - Barki i łapy","24 Jul 2026, 19:29","24 Jul 2026, 21:41","","Single Arm Triceps Pushdown (Cable) (Catana)",1,"",1,"normal",13.75,8,,,
"Czwartek - Góra - Hiperchujnia","23 Jul 2026, 18:47","23 Jul 2026, 20:42","","Feet Up Bench Press (Barbell)",,"Ostatnia seria, ostatnie powtórzenie - brak kontroli. Ale chuj, wycisniete bez nóg",0,"normal",87.5,10,,,
"Czwartek - Góra - Hiperchujnia","23 Jul 2026, 18:47","23 Jul 2026, 20:42","","Feet Up Bench Press (Barbell)",,"Ostatnia seria, ostatnie powtórzenie - brak kontroli. Ale chuj, wycisniete bez nóg",1,"normal",90,9,,,
"Czwartek - Góra - Hiperchujnia","23 Jul 2026, 18:47","23 Jul 2026, 20:42","","Feet Up Bench Press (Barbell)",,"Ostatnia seria, ostatnie powtórzenie - brak kontroli. Ale chuj, wycisniete bez nóg",2,"normal",92.5,8,,,
"Czwartek - Góra - Hiperchujnia","23 Jul 2026, 18:47","23 Jul 2026, 20:42","","Lat Pulldown - Close Grip (Cable)",,"Ostatnia seria - najwyższa precyzja, nie robimy juz egoliftingu",0,"normal",92.5,11,,,
"Czwartek - Góra - Hiperchujnia","23 Jul 2026, 18:47","23 Jul 2026, 20:42","","Lat Pulldown - Close Grip (Cable)",,"Ostatnia seria - najwyższa precyzja, nie robimy juz egoliftingu",1,"normal",96,9,,,
"Czwartek - Góra - Hiperchujnia","23 Jul 2026, 18:47","23 Jul 2026, 20:42","","Lat Pulldown - Close Grip (Cable)",,"Ostatnia seria - najwyższa precyzja, nie robimy juz egoliftingu",2,"normal",103,7,,,
"Czwartek - Góra - Hiperchujnia","23 Jul 2026, 18:47","23 Jul 2026, 20:42","","Lat Pulldown - Close Grip (Cable)",,"Ostatnia seria - najwyższa precyzja, nie robimy juz egoliftingu",3,"failure",78.5,10,,,
"Czwartek - Góra - Hiperchujnia","23 Jul 2026, 18:47","23 Jul 2026, 20:42","","Incline Chest Press (Machine)",,"",0,"normal",110,8,,,
"Czwartek - Góra - Hiperchujnia","23 Jul 2026, 18:47","23 Jul 2026, 20:42","","Incline Chest Press (Machine)",,"",1,"normal",110,7,,,
"Czwartek - Góra - Hiperchujnia","23 Jul 2026, 18:47","23 Jul 2026, 20:42","","Incline Chest Press (Machine)",,"",2,"normal",110,6,,,
"Czwartek - Góra - Hiperchujnia","23 Jul 2026, 18:47","23 Jul 2026, 20:42","","Incline Chest Press (Machine)",,"",3,"failure",82.5,10,,,
"Czwartek - Góra - Hiperchujnia","23 Jul 2026, 18:47","23 Jul 2026, 20:42","","Iso-Lateral High Row (Machine)",,"",0,"normal",130,12,,,
"Czwartek - Góra - Hiperchujnia","23 Jul 2026, 18:47","23 Jul 2026, 20:42","","Iso-Lateral High Row (Machine)",,"",1,"normal",137.5,10,,,
"Czwartek - Góra - Hiperchujnia","23 Jul 2026, 18:47","23 Jul 2026, 20:42","","Iso-Lateral High Row (Machine)",,"",2,"failure",145,8,,,
"Czwartek - Góra - Hiperchujnia","23 Jul 2026, 18:47","23 Jul 2026, 20:42","","Butterfly (Pec Deck)",,"Ostatnia seria - najwyzsza precyzja, mocne dopiecie",0,"normal",112.5,10,,,
"Czwartek - Góra - Hiperchujnia","23 Jul 2026, 18:47","23 Jul 2026, 20:42","","Butterfly (Pec Deck)",,"Ostatnia seria - najwyzsza precyzja, mocne dopiecie",1,"normal",115,8,,,
"Czwartek - Góra - Hiperchujnia","23 Jul 2026, 18:47","23 Jul 2026, 20:42","","Butterfly (Pec Deck)",,"Ostatnia seria - najwyzsza precyzja, mocne dopiecie",2,"failure",87,8,,,
"Czwartek - Góra - Hiperchujnia","23 Jul 2026, 18:47","23 Jul 2026, 20:42","","Pullover (Machine)",,"",0,"normal",100,12,,,
"Czwartek - Góra - Hiperchujnia","23 Jul 2026, 18:47","23 Jul 2026, 20:42","","Pullover (Machine)",,"",1,"normal",105,11,,,
"Czwartek - Góra - Hiperchujnia","23 Jul 2026, 18:47","23 Jul 2026, 20:42","","Pullover (Machine)",,"",2,"failure",110,9,,,
"Środa - Dzień cardio","22 Jul 2026, 18:37","22 Jul 2026, 19:29","","Treadmill",,"",0,"normal",,,3.94,3060,
"Wtorek - Dół","21 Jul 2026, 12:00","21 Jul 2026, 13:59","","Warm Up",,"",0,"normal",,,,1080,
"Wtorek - Dół","21 Jul 2026, 12:00","21 Jul 2026, 13:59","","Front Squat",,"",0,"normal",103.5,5,,,
"Wtorek - Dół","21 Jul 2026, 12:00","21 Jul 2026, 13:59","","Front Squat",,"",1,"normal",108.5,4,,,
"Wtorek - Dół","21 Jul 2026, 12:00","21 Jul 2026, 13:59","","Front Squat",,"",2,"normal",113.5,3,,,
"Wtorek - Dół","21 Jul 2026, 12:00","21 Jul 2026, 13:59","","Romanian Deadlift (Barbell)",,"",0,"normal",131,9,,,
"Wtorek - Dół","21 Jul 2026, 12:00","21 Jul 2026, 13:59","","Romanian Deadlift (Barbell)",,"",1,"normal",141,8,,,
"Wtorek - Dół","21 Jul 2026, 12:00","21 Jul 2026, 13:59","","Romanian Deadlift (Barbell)",,"",2,"normal",151,6,,,
"Wtorek - Dół","21 Jul 2026, 12:00","21 Jul 2026, 13:59","","Belt Squat (Machine)",,"",0,"normal",150,10,,,
"Wtorek - Dół","21 Jul 2026, 12:00","21 Jul 2026, 13:59","","Belt Squat (Machine)",,"",1,"normal",160,10,,,
"Wtorek - Dół","21 Jul 2026, 12:00","21 Jul 2026, 13:59","","Belt Squat (Machine)",,"",2,"normal",170,8,,,
"Wtorek - Dół","21 Jul 2026, 12:00","21 Jul 2026, 13:59","","Leg Extension (Machine)",0,"",0,"normal",92.5,10,,,
"Wtorek - Dół","21 Jul 2026, 12:00","21 Jul 2026, 13:59","","Leg Extension (Machine)",0,"",1,"normal",95,10,,,
"Wtorek - Dół","21 Jul 2026, 12:00","21 Jul 2026, 13:59","","Leg Extension (Machine)",0,"",2,"normal",97.5,10,,,
"Wtorek - Dół","21 Jul 2026, 12:00","21 Jul 2026, 13:59","","Lying Leg Curl (Machine)",0,"",0,"normal",55,11,,,
"Wtorek - Dół","21 Jul 2026, 12:00","21 Jul 2026, 13:59","","Lying Leg Curl (Machine)",0,"",1,"normal",57.5,9,,,
"Wtorek - Dół","21 Jul 2026, 12:00","21 Jul 2026, 13:59","","Lying Leg Curl (Machine)",0,"",2,"normal",60,6,,,
"Wtorek - Dół","21 Jul 2026, 12:00","21 Jul 2026, 13:59","","Hip Adduction (Machine)",,"",0,"normal",100,12,,,
"Wtorek - Dół","21 Jul 2026, 12:00","21 Jul 2026, 13:59","","Hip Adduction (Machine)",,"",1,"failure",100,10,,,
"Wtorek - Dół","21 Jul 2026, 12:00","21 Jul 2026, 13:59","","Cable Crunch",,"",0,"normal",53.75,12,,,
"Wtorek - Dół","21 Jul 2026, 12:00","21 Jul 2026, 13:59","","Cable Crunch",,"",1,"normal",53.75,12,,,
"Wtorek - Dół","21 Jul 2026, 12:00","21 Jul 2026, 13:59","","Cable Crunch",,"",2,"failure",55,9,,,
"Wtorek - Dół","21 Jul 2026, 12:00","21 Jul 2026, 13:59","","Cable Core Pallof Press",,"",0,"normal",25,8,,,
"Wtorek - Dół","21 Jul 2026, 12:00","21 Jul 2026, 13:59","","Cable Core Pallof Press",,"",1,"normal",26.25,7,,,
"Poniedziałek - Góra","20 Jul 2026, 19:19","20 Jul 2026, 21:45","","Bench Press (Barbell)",,"",0,"normal",97.5,8,,,
"Poniedziałek - Góra","20 Jul 2026, 19:19","20 Jul 2026, 21:45","","Bench Press (Barbell)",,"",1,"normal",100,6,,,
"Poniedziałek - Góra","20 Jul 2026, 19:19","20 Jul 2026, 21:45","","Bench Press (Barbell)",,"",2,"normal",102.5,5,,,
"Poniedziałek - Góra","20 Jul 2026, 19:19","20 Jul 2026, 21:45","","Bench Press (Barbell)",,"",3,"normal",105,4,,,
"Poniedziałek - Góra","20 Jul 2026, 19:19","20 Jul 2026, 21:45","","Pull Up",,"Moze i techinka jalo taka, ale chyba sila/wytrzymalosc wzrosla",0,"normal",,11,,,
"Poniedziałek - Góra","20 Jul 2026, 19:19","20 Jul 2026, 21:45","","Pull Up",,"Moze i techinka jalo taka, ale chyba sila/wytrzymalosc wzrosla",1,"normal",,9,,,
"Poniedziałek - Góra","20 Jul 2026, 19:19","20 Jul 2026, 21:45","","Pull Up",,"Moze i techinka jalo taka, ale chyba sila/wytrzymalosc wzrosla",2,"normal",,8,,,
"Poniedziałek - Góra","20 Jul 2026, 19:19","20 Jul 2026, 21:45","","Pull Up",,"Moze i techinka jalo taka, ale chyba sila/wytrzymalosc wzrosla",3,"normal",,8,,,
"Poniedziałek - Góra","20 Jul 2026, 19:19","20 Jul 2026, 21:45","","Incline Bench Press (Smith Machine)",,"Refraktoryzacja techniki, scisła izolacja gornego aktonu, ale slabizna",0,"normal",77.5,7,,,
"Poniedziałek - Góra","20 Jul 2026, 19:19","20 Jul 2026, 21:45","","Incline Bench Press (Smith Machine)",,"Refraktoryzacja techniki, scisła izolacja gornego aktonu, ale slabizna",1,"normal",80,5,,,
"Poniedziałek - Góra","20 Jul 2026, 19:19","20 Jul 2026, 21:45","","Incline Bench Press (Smith Machine)",,"Refraktoryzacja techniki, scisła izolacja gornego aktonu, ale slabizna",2,"normal",82.5,4,,,
"Poniedziałek - Góra","20 Jul 2026, 19:19","20 Jul 2026, 21:45","","T Bar Row",,"",0,"normal",63.75,10,,,
"Poniedziałek - Góra","20 Jul 2026, 19:19","20 Jul 2026, 21:45","","T Bar Row",,"",1,"normal",68.75,8,,,
"Poniedziałek - Góra","20 Jul 2026, 19:19","20 Jul 2026, 21:45","","T Bar Row",,"",2,"normal",73.75,7,,,
"Poniedziałek - Góra","20 Jul 2026, 19:19","20 Jul 2026, 21:45","","Low Cable Fly Crossovers",,"",0,"normal",16.25,13,,,
"Poniedziałek - Góra","20 Jul 2026, 19:19","20 Jul 2026, 21:45","","Low Cable Fly Crossovers",,"",1,"normal",17.5,8,,,
"Poniedziałek - Góra","20 Jul 2026, 19:19","20 Jul 2026, 21:45","","Low Cable Fly Crossovers",,"",2,"normal",17.5,8,,,
"Poniedziałek - Góra","20 Jul 2026, 19:19","20 Jul 2026, 21:45","","Single Arm Cable Row",,"",0,"normal",48.75,12,,,
"Poniedziałek - Góra","20 Jul 2026, 19:19","20 Jul 2026, 21:45","","Single Arm Cable Row",,"",1,"normal",51.25,11,,,
"Poniedziałek - Góra","20 Jul 2026, 19:19","20 Jul 2026, 21:45","","Single Arm Cable Row",,"",2,"normal",53.75,9,,,
"Poniedziałek - Góra","20 Jul 2026, 19:19","20 Jul 2026, 21:45","","Lateral Raise (Machine)",,"",0,"normal",60,8,,,
"Poniedziałek - Góra","20 Jul 2026, 19:19","20 Jul 2026, 21:45","","Lateral Raise (Machine)",,"",1,"normal",62.5,6,,,
"Poniedziałek - Góra","20 Jul 2026, 19:19","20 Jul 2026, 21:45","","Rear Delt Reverse Fly (Machine)",,"",0,"normal",22.5,12,,,
"Poniedziałek - Góra","20 Jul 2026, 19:19","20 Jul 2026, 21:45","","Rear Delt Reverse Fly (Machine)",,"",1,"normal",25,8,,,
"Poniedziałek - Góra","20 Jul 2026, 19:19","20 Jul 2026, 21:45","","Bicep Curl (Cable)",0,"",0,"normal",33.75,9,,,
"Poniedziałek - Góra","20 Jul 2026, 19:19","20 Jul 2026, 21:45","","Bicep Curl (Cable)",0,"",1,"failure",25,12,,,
"Poniedziałek - Góra","20 Jul 2026, 19:19","20 Jul 2026, 21:45","","Triceps Rope Pushdown",0,"",0,"normal",33.75,9,,,
"Poniedziałek - Góra","20 Jul 2026, 19:19","20 Jul 2026, 21:45","","Triceps Rope Pushdown",0,"",1,"failure",25,12,,,
"Sobota - Nogi - Hipertrofia","18 Jul 2026, 14:25","18 Jul 2026, 16:07","","Pendulum Squat (Machine)",,"",0,"normal",111.7,10,,,
"Sobota - Nogi - Hipertrofia","18 Jul 2026, 14:25","18 Jul 2026, 16:07","","Pendulum Squat (Machine)",,"",1,"normal",116.7,7,,,
"Sobota - Nogi - Hipertrofia","18 Jul 2026, 14:25","18 Jul 2026, 16:07","","Pendulum Squat (Machine)",,"",2,"normal",119.2,5,,,
"Sobota - Nogi - Hipertrofia","18 Jul 2026, 14:25","18 Jul 2026, 16:07","","Single Leg Press (Machine)",,"",0,"normal",135.5,8,,,
"Sobota - Nogi - Hipertrofia","18 Jul 2026, 14:25","18 Jul 2026, 16:07","","Single Leg Press (Machine)",,"",1,"normal",145.5,8,,,
"Sobota - Nogi - Hipertrofia","18 Jul 2026, 14:25","18 Jul 2026, 16:07","","Single Leg Press (Machine)",,"",2,"normal",155.5,8,,,
"Sobota - Nogi - Hipertrofia","18 Jul 2026, 14:25","18 Jul 2026, 16:07","","Single Leg Extensions",,"",0,"normal",39.3,9,,,
"Sobota - Nogi - Hipertrofia","18 Jul 2026, 14:25","18 Jul 2026, 16:07","","Single Leg Extensions",,"",1,"normal",40.55,8,,,
"Sobota - Nogi - Hipertrofia","18 Jul 2026, 14:25","18 Jul 2026, 16:07","","Single Leg Extensions",,"",2,"normal",41.8,7,,,
"Sobota - Nogi - Hipertrofia","18 Jul 2026, 14:25","18 Jul 2026, 16:07","","Standing Leg Curls",,"",0,"normal",44.85,9,,,
"Sobota - Nogi - Hipertrofia","18 Jul 2026, 14:25","18 Jul 2026, 16:07","","Standing Leg Curls",,"",1,"normal",46.1,8,,,
"Sobota - Nogi - Hipertrofia","18 Jul 2026, 14:25","18 Jul 2026, 16:07","","Standing Leg Curls",,"",2,"normal",47.35,7,,,
"Sobota - Nogi - Hipertrofia","18 Jul 2026, 14:25","18 Jul 2026, 16:07","","Hanging Leg Raise",,"",0,"normal",,16,,,
"Sobota - Nogi - Hipertrofia","18 Jul 2026, 14:25","18 Jul 2026, 16:07","","Hanging Leg Raise",,"",1,"normal",,16,,,
"Sobota - Nogi - Hipertrofia","18 Jul 2026, 14:25","18 Jul 2026, 16:07","","Hanging Leg Raise",,"",2,"normal",,15,,,
"Sobota - Nogi - Hipertrofia","18 Jul 2026, 14:25","18 Jul 2026, 16:07","","Cable Crunch - Wyciąg Kapelanka - Na Podwyższeniu 15cm",,"",0,"normal",44.5,12,,,
"Sobota - Nogi - Hipertrofia","18 Jul 2026, 14:25","18 Jul 2026, 16:07","","Cable Crunch - Wyciąg Kapelanka - Na Podwyższeniu 15cm",,"",1,"normal",44.5,12,,,
"Sobota - Nogi - Hipertrofia","18 Jul 2026, 14:25","18 Jul 2026, 16:07","","Cable Crunch - Wyciąg Kapelanka - Na Podwyższeniu 15cm",,"",2,"normal",46.25,10,,,
"Piątek - Barki i łapy","17 Jul 2026, 19:17","17 Jul 2026, 21:16","","Overhead Press (Smith Machine)",,"Chuj w dupe",0,"normal",65,12,,,
"Piątek - Barki i łapy","17 Jul 2026, 19:17","17 Jul 2026, 21:16","","Overhead Press (Smith Machine)",,"Chuj w dupe",1,"normal",70,8,,,
"Piątek - Barki i łapy","17 Jul 2026, 19:17","17 Jul 2026, 21:16","","Overhead Press (Smith Machine)",,"Chuj w dupe",2,"normal",75,6,,,
"Piątek - Barki i łapy","17 Jul 2026, 19:17","17 Jul 2026, 21:16","","Overhead Press (Smith Machine)",,"Chuj w dupe",3,"normal",80,3,,,
"Piątek - Barki i łapy","17 Jul 2026, 19:17","17 Jul 2026, 21:16","","Lateral Raise (Dumbbell)",,"Zmniejszamy ciezar - mniej szarpania, wiecej techinki",0,"normal",15,12,,,
"Piątek - Barki i łapy","17 Jul 2026, 19:17","17 Jul 2026, 21:16","","Lateral Raise (Dumbbell)",,"Zmniejszamy ciezar - mniej szarpania, wiecej techinki",1,"failure",15,15,,,
"Piątek - Barki i łapy","17 Jul 2026, 19:17","17 Jul 2026, 21:16","","Single Arm Lateral Raise (Cable)",,"",0,"normal",10,9,,,
"Piątek - Barki i łapy","17 Jul 2026, 19:17","17 Jul 2026, 21:16","","Single Arm Lateral Raise (Cable)",,"",1,"normal",11.25,8,,,
"Piątek - Barki i łapy","17 Jul 2026, 19:17","17 Jul 2026, 21:16","","Face Pull",,"",0,"normal",30,12,,,
"Piątek - Barki i łapy","17 Jul 2026, 19:17","17 Jul 2026, 21:16","","Face Pull",,"",1,"normal",30,12,,,
"Piątek - Barki i łapy","17 Jul 2026, 19:17","17 Jul 2026, 21:16","","Face Pull",,"",2,"normal",31.25,12,,,
"Piątek - Barki i łapy","17 Jul 2026, 19:17","17 Jul 2026, 21:16","","Face Pull",,"",3,"normal",32.5,10,,,
"Piątek - Barki i łapy","17 Jul 2026, 19:17","17 Jul 2026, 21:16","","Preacher Curl (Machine)",,"Ostatnia seria - najwyższa dokładność",0,"normal",53.75,7,,,
"Piątek - Barki i łapy","17 Jul 2026, 19:17","17 Jul 2026, 21:16","","Preacher Curl (Machine)",,"Ostatnia seria - najwyższa dokładność",1,"normal",56.25,5,,,
"Piątek - Barki i łapy","17 Jul 2026, 19:17","17 Jul 2026, 21:16","","Preacher Curl (Machine)",,"Ostatnia seria - najwyższa dokładność",2,"normal",42.5,8,,,
"Piątek - Barki i łapy","17 Jul 2026, 19:17","17 Jul 2026, 21:16","","Skullcrusher (Barbell)",,"",0,"normal",51.5,8,,,
"Piątek - Barki i łapy","17 Jul 2026, 19:17","17 Jul 2026, 21:16","","Skullcrusher (Barbell)",,"",1,"normal",54,5,,,
"Piątek - Barki i łapy","17 Jul 2026, 19:17","17 Jul 2026, 21:16","","Skullcrusher (Barbell)",,"",2,"normal",41.5,10,,,
"Piątek - Barki i łapy","17 Jul 2026, 19:17","17 Jul 2026, 21:16","","Seated Incline Curl (Dumbbell)",0,"Kurwa ale spadek, co jest",0,"normal",20,5,,,
"Piątek - Barki i łapy","17 Jul 2026, 19:17","17 Jul 2026, 21:16","","Seated Incline Curl (Dumbbell)",0,"Kurwa ale spadek, co jest",1,"normal",20,5,,,
"Piątek - Barki i łapy","17 Jul 2026, 19:17","17 Jul 2026, 21:16","","Triceps Pushdown V-Grip",0,"",0,"normal",42.5,10,,,
"Piątek - Barki i łapy","17 Jul 2026, 19:17","17 Jul 2026, 21:16","","Triceps Pushdown V-Grip",0,"",1,"normal",43.75,8,,,
"Piątek - Barki i łapy","17 Jul 2026, 19:17","17 Jul 2026, 21:16","","Hammer Curl (Cable)",1,"",0,"normal",37.5,9,,,
"Piątek - Barki i łapy","17 Jul 2026, 19:17","17 Jul 2026, 21:16","","Hammer Curl (Cable)",1,"",1,"normal",38.75,8,,,
"Piątek - Barki i łapy","17 Jul 2026, 19:17","17 Jul 2026, 21:16","","Single Arm Triceps Pushdown (Cable) (Catana)",1,"",0,"normal",12.5,8,,,
"Piątek - Barki i łapy","17 Jul 2026, 19:17","17 Jul 2026, 21:16","","Single Arm Triceps Pushdown (Cable) (Catana)",1,"",1,"normal",13.75,7,,,
"Czwartek - Góra - Hipertrofia","16 Jul 2026, 18:48","16 Jul 2026, 20:43","","Feet Up Bench Press (Barbell)",,"",0,"normal",85,10,,,
"Czwartek - Góra - Hipertrofia","16 Jul 2026, 18:48","16 Jul 2026, 20:43","","Feet Up Bench Press (Barbell)",,"",1,"normal",87.5,9,,,
"Czwartek - Góra - Hipertrofia","16 Jul 2026, 18:48","16 Jul 2026, 20:43","","Feet Up Bench Press (Barbell)",,"",2,"normal",90,8,,,
"Czwartek - Góra - Hipertrofia","16 Jul 2026, 18:48","16 Jul 2026, 20:43","","Lat Pulldown - Close Grip (Cable)",,"",0,"normal",89,12,,,
"Czwartek - Góra - Hipertrofia","16 Jul 2026, 18:48","16 Jul 2026, 20:43","","Lat Pulldown - Close Grip (Cable)",,"",1,"normal",92.5,10,,,
"Czwartek - Góra - Hipertrofia","16 Jul 2026, 18:48","16 Jul 2026, 20:43","","Lat Pulldown - Close Grip (Cable)",,"",2,"normal",96,8,,,
"Czwartek - Góra - Hipertrofia","16 Jul 2026, 18:48","16 Jul 2026, 20:43","","Lat Pulldown - Close Grip (Cable)",,"",3,"failure",99.5,7,,,
"Czwartek - Góra - Hipertrofia","16 Jul 2026, 18:48","16 Jul 2026, 20:43","","Incline Chest Press (Machine)",,"",0,"normal",110,7,,,
"Czwartek - Góra - Hipertrofia","16 Jul 2026, 18:48","16 Jul 2026, 20:43","","Incline Chest Press (Machine)",,"",1,"normal",110,7,,,
"Czwartek - Góra - Hipertrofia","16 Jul 2026, 18:48","16 Jul 2026, 20:43","","Incline Chest Press (Machine)",,"",2,"normal",110,6,,,
"Czwartek - Góra - Hipertrofia","16 Jul 2026, 18:48","16 Jul 2026, 20:43","","Incline Chest Press (Machine)",,"",3,"failure",90,10,,,
"Czwartek - Góra - Hipertrofia","16 Jul 2026, 18:48","16 Jul 2026, 20:43","","Iso-Lateral High Row (Machine)",,"",0,"normal",125,12,,,
"Czwartek - Góra - Hipertrofia","16 Jul 2026, 18:48","16 Jul 2026, 20:43","","Iso-Lateral High Row (Machine)",,"",1,"normal",135,10,,,
"Czwartek - Góra - Hipertrofia","16 Jul 2026, 18:48","16 Jul 2026, 20:43","","Iso-Lateral High Row (Machine)",,"",2,"failure",142.5,8,,,
"Czwartek - Góra - Hipertrofia","16 Jul 2026, 18:48","16 Jul 2026, 20:43","","Butterfly (Pec Deck)",,"",0,"normal",110,11,,,
"Czwartek - Góra - Hipertrofia","16 Jul 2026, 18:48","16 Jul 2026, 20:43","","Butterfly (Pec Deck)",,"",1,"normal",112.5,9,,,
"Czwartek - Góra - Hipertrofia","16 Jul 2026, 18:48","16 Jul 2026, 20:43","","Butterfly (Pec Deck)",,"",2,"failure",115,7,,,
"Czwartek - Góra - Hipertrofia","16 Jul 2026, 18:48","16 Jul 2026, 20:43","","Pullover (Machine)",,"",0,"normal",97.5,12,,,
"Czwartek - Góra - Hipertrofia","16 Jul 2026, 18:48","16 Jul 2026, 20:43","","Pullover (Machine)",,"",1,"normal",102.5,11,,,
"Czwartek - Góra - Hipertrofia","16 Jul 2026, 18:48","16 Jul 2026, 20:43","","Pullover (Machine)",,"",2,"failure",107.5,10,,,
"Środa - Dzień cardio","15 Jul 2026, 18:41","15 Jul 2026, 19:31","","Treadmill",,"",0,"normal",,,3.84,3000,
"Wtorek - Dół","14 Jul 2026, 19:03","14 Jul 2026, 21:13","","Warm Up",,"",0,"normal",,,,1020,
"Wtorek - Dół","14 Jul 2026, 19:03","14 Jul 2026, 21:13","","Front Squat",,"Chwyt olimpisjki",0,"normal",102.5,5,,,
"Wtorek - Dół","14 Jul 2026, 19:03","14 Jul 2026, 21:13","","Front Squat",,"Chwyt olimpisjki",1,"normal",107.5,4,,,
"Wtorek - Dół","14 Jul 2026, 19:03","14 Jul 2026, 21:13","","Front Squat",,"Chwyt olimpisjki",2,"normal",112.5,3,,,
"Wtorek - Dół","14 Jul 2026, 19:03","14 Jul 2026, 21:13","","Romanian Deadlift (Barbell)",,"",0,"normal",130,9,,,
"Wtorek - Dół","14 Jul 2026, 19:03","14 Jul 2026, 21:13","","Romanian Deadlift (Barbell)",,"",1,"normal",140,7,,,
"Wtorek - Dół","14 Jul 2026, 19:03","14 Jul 2026, 21:13","","Romanian Deadlift (Barbell)",,"",2,"normal",150,6,,,
"Wtorek - Dół","14 Jul 2026, 19:03","14 Jul 2026, 21:13","","Belt Squat (Machine)",,"",0,"normal",130,10,,,
"Wtorek - Dół","14 Jul 2026, 19:03","14 Jul 2026, 21:13","","Belt Squat (Machine)",,"",1,"normal",140,10,,,
"Wtorek - Dół","14 Jul 2026, 19:03","14 Jul 2026, 21:13","","Belt Squat (Machine)",,"",2,"normal",160,8,,,
"Wtorek - Dół","14 Jul 2026, 19:03","14 Jul 2026, 21:13","","Leg Extension (Machine)",0,"",0,"normal",90,10,,,
"Wtorek - Dół","14 Jul 2026, 19:03","14 Jul 2026, 21:13","","Leg Extension (Machine)",0,"",1,"normal",92.5,10,,,
"Wtorek - Dół","14 Jul 2026, 19:03","14 Jul 2026, 21:13","","Leg Extension (Machine)",0,"",2,"normal",95,9,,,
"Wtorek - Dół","14 Jul 2026, 19:03","14 Jul 2026, 21:13","","Lying Leg Curl (Machine)",0,"",0,"normal",55,10,,,
"Wtorek - Dół","14 Jul 2026, 19:03","14 Jul 2026, 21:13","","Lying Leg Curl (Machine)",0,"",1,"normal",57.5,8,,,
"Wtorek - Dół","14 Jul 2026, 19:03","14 Jul 2026, 21:13","","Lying Leg Curl (Machine)",0,"",2,"normal",57.5,7,,,
"Wtorek - Dół","14 Jul 2026, 19:03","14 Jul 2026, 21:13","","Hip Adduction (Machine)",,"",0,"normal",100,12,,,
"Wtorek - Dół","14 Jul 2026, 19:03","14 Jul 2026, 21:13","","Hip Adduction (Machine)",,"",1,"normal",100,11,,,
"Wtorek - Dół","14 Jul 2026, 19:03","14 Jul 2026, 21:13","","Cable Crunch",,"",0,"normal",52.5,13,,,
"Wtorek - Dół","14 Jul 2026, 19:03","14 Jul 2026, 21:13","","Cable Crunch",,"",1,"normal",53.75,11,,,
"Wtorek - Dół","14 Jul 2026, 19:03","14 Jul 2026, 21:13","","Cable Crunch",,"",2,"normal",53.75,10,,,
"Wtorek - Dół","14 Jul 2026, 19:03","14 Jul 2026, 21:13","","Cable Core Pallof Press",,"",0,"normal",23.75,9,,,
"Wtorek - Dół","14 Jul 2026, 19:03","14 Jul 2026, 21:13","","Cable Core Pallof Press",,"",1,"normal",25,8,,,
"Poniedziałek - Góra","13 Jul 2026, 19:11","13 Jul 2026, 21:39","","Bench Press (Barbell)",,"",0,"normal",97.5,9,,,
"Poniedziałek - Góra","13 Jul 2026, 19:11","13 Jul 2026, 21:39","","Bench Press (Barbell)",,"",1,"normal",100,6,,,
"Poniedziałek - Góra","13 Jul 2026, 19:11","13 Jul 2026, 21:39","","Bench Press (Barbell)",,"",2,"normal",102.5,5,,,
"Poniedziałek - Góra","13 Jul 2026, 19:11","13 Jul 2026, 21:39","","Bench Press (Barbell)",,"",3,"normal",105,4,,,
"Poniedziałek - Góra","13 Jul 2026, 19:11","13 Jul 2026, 21:39","","Pull Up",,"",0,"normal",,10,,,
"Poniedziałek - Góra","13 Jul 2026, 19:11","13 Jul 2026, 21:39","","Pull Up",,"",1,"normal",,9,,,
"Poniedziałek - Góra","13 Jul 2026, 19:11","13 Jul 2026, 21:39","","Pull Up",,"",2,"normal",,8,,,
"Poniedziałek - Góra","13 Jul 2026, 19:11","13 Jul 2026, 21:39","","Pull Up",,"",3,"normal",,7,,,
"Poniedziałek - Góra","13 Jul 2026, 19:11","13 Jul 2026, 21:39","","Incline Bench Press (Smith Machine)",,"",0,"normal",80,8,,,
"Poniedziałek - Góra","13 Jul 2026, 19:11","13 Jul 2026, 21:39","","Incline Bench Press (Smith Machine)",,"",1,"normal",82.5,6,,,
"Poniedziałek - Góra","13 Jul 2026, 19:11","13 Jul 2026, 21:39","","Incline Bench Press (Smith Machine)",,"",2,"normal",82.5,6,,,
"Poniedziałek - Góra","13 Jul 2026, 19:11","13 Jul 2026, 21:39","","T Bar Row",,"",0,"normal",62.5,10,,,
"Poniedziałek - Góra","13 Jul 2026, 19:11","13 Jul 2026, 21:39","","T Bar Row",,"",1,"normal",67.5,8,,,
"Poniedziałek - Góra","13 Jul 2026, 19:11","13 Jul 2026, 21:39","","T Bar Row",,"",2,"normal",72.5,7,,,
"Poniedziałek - Góra","13 Jul 2026, 19:11","13 Jul 2026, 21:39","","Low Cable Fly Crossovers",,"",0,"normal",16.25,12,,,
"Poniedziałek - Góra","13 Jul 2026, 19:11","13 Jul 2026, 21:39","","Low Cable Fly Crossovers",,"",1,"normal",17.5,8,,,
"Poniedziałek - Góra","13 Jul 2026, 19:11","13 Jul 2026, 21:39","","Low Cable Fly Crossovers",,"",2,"normal",17.5,8,,,
"Poniedziałek - Góra","13 Jul 2026, 19:11","13 Jul 2026, 21:39","","Single Arm Cable Row",,"",0,"normal",47.5,12,,,
"Poniedziałek - Góra","13 Jul 2026, 19:11","13 Jul 2026, 21:39","","Single Arm Cable Row",,"",1,"normal",50,11,,,
"Poniedziałek - Góra","13 Jul 2026, 19:11","13 Jul 2026, 21:39","","Single Arm Cable Row",,"",2,"normal",52.5,9,,,
"Poniedziałek - Góra","13 Jul 2026, 19:11","13 Jul 2026, 21:39","","Lateral Raise (Machine)",,"",0,"normal",60,10,,,
"Poniedziałek - Góra","13 Jul 2026, 19:11","13 Jul 2026, 21:39","","Lateral Raise (Machine)",,"",1,"normal",62.5,8,,,
"Poniedziałek - Góra","13 Jul 2026, 19:11","13 Jul 2026, 21:39","","Rear Delt Reverse Fly (Machine)",,"",0,"normal",22.5,12,,,
"Poniedziałek - Góra","13 Jul 2026, 19:11","13 Jul 2026, 21:39","","Rear Delt Reverse Fly (Machine)",,"",1,"normal",25,7,,,
"Poniedziałek - Góra","13 Jul 2026, 19:11","13 Jul 2026, 21:39","","Bicep Curl (Cable)",0,"",0,"normal",32.5,9,,,
"Poniedziałek - Góra","13 Jul 2026, 19:11","13 Jul 2026, 21:39","","Bicep Curl (Cable)",0,"",1,"normal",33.75,8,,,
"Poniedziałek - Góra","13 Jul 2026, 19:11","13 Jul 2026, 21:39","","Triceps Rope Pushdown",0,"",0,"normal",32.5,10,,,
"Poniedziałek - Góra","13 Jul 2026, 19:11","13 Jul 2026, 21:39","","Triceps Rope Pushdown",0,"",1,"normal",33.75,8,,,
"Sobota - Nogi - Hipertrofia","11 Jul 2026, 18:03","11 Jul 2026, 20:01","","Pendulum Squat (Machine)",,"",0,"normal",111.7,9,,,
"Sobota - Nogi - Hipertrofia","11 Jul 2026, 18:03","11 Jul 2026, 20:01","","Pendulum Squat (Machine)",,"",1,"normal",116.7,6,,,
"Sobota - Nogi - Hipertrofia","11 Jul 2026, 18:03","11 Jul 2026, 20:01","","Pendulum Squat (Machine)",,"",2,"normal",116.7,6,,,
"Sobota - Nogi - Hipertrofia","11 Jul 2026, 18:03","11 Jul 2026, 20:01","","Single Leg Press (Machine)",,"",0,"normal",133,8,,,
"Sobota - Nogi - Hipertrofia","11 Jul 2026, 18:03","11 Jul 2026, 20:01","","Single Leg Press (Machine)",,"",1,"normal",143,8,,,
"Sobota - Nogi - Hipertrofia","11 Jul 2026, 18:03","11 Jul 2026, 20:01","","Single Leg Press (Machine)",,"",2,"normal",153,8,,,
"Sobota - Nogi - Hipertrofia","11 Jul 2026, 18:03","11 Jul 2026, 20:01","","Single Leg Extensions",,"",0,"normal",38.05,8,,,
"Sobota - Nogi - Hipertrofia","11 Jul 2026, 18:03","11 Jul 2026, 20:01","","Single Leg Extensions",,"",1,"normal",39.3,8,,,
"Sobota - Nogi - Hipertrofia","11 Jul 2026, 18:03","11 Jul 2026, 20:01","","Single Leg Extensions",,"",2,"normal",40.55,7,,,
"Sobota - Nogi - Hipertrofia","11 Jul 2026, 18:03","11 Jul 2026, 20:01","","Standing Leg Curls",,"",0,"normal",42.35,9,,,
"Sobota - Nogi - Hipertrofia","11 Jul 2026, 18:03","11 Jul 2026, 20:01","","Standing Leg Curls",,"",1,"normal",44.85,8,,,
"Sobota - Nogi - Hipertrofia","11 Jul 2026, 18:03","11 Jul 2026, 20:01","","Standing Leg Curls",,"",2,"normal",46.1,7,,,
"Sobota - Nogi - Hipertrofia","11 Jul 2026, 18:03","11 Jul 2026, 20:01","","Hanging Leg Raise",,"",0,"normal",,15,,,
"Sobota - Nogi - Hipertrofia","11 Jul 2026, 18:03","11 Jul 2026, 20:01","","Hanging Leg Raise",,"",1,"normal",,15,,,
"Sobota - Nogi - Hipertrofia","11 Jul 2026, 18:03","11 Jul 2026, 20:01","","Hanging Leg Raise",,"",2,"normal",,15,,,
"Sobota - Nogi - Hipertrofia","11 Jul 2026, 18:03","11 Jul 2026, 20:01","","Cable Crunch - Wyciąg Kapelanka - Na Podwyższeniu 15cm",,"",0,"normal",44.5,12,,,
"Sobota - Nogi - Hipertrofia","11 Jul 2026, 18:03","11 Jul 2026, 20:01","","Cable Crunch - Wyciąg Kapelanka - Na Podwyższeniu 15cm",,"",1,"normal",44.5,12,,,
"Sobota - Nogi - Hipertrofia","11 Jul 2026, 18:03","11 Jul 2026, 20:01","","Cable Crunch - Wyciąg Kapelanka - Na Podwyższeniu 15cm",,"",2,"normal",44.5,11,,,
"Piątek - Barki i łapy","10 Jul 2026, 19:11","10 Jul 2026, 21:09","","Overhead Press (Smith Machine)",,"Niewiele zabralko do 4 powtorzenia w ostatniej, do poprawy za tydzien",0,"normal",65,11,,,
"Piątek - Barki i łapy","10 Jul 2026, 19:11","10 Jul 2026, 21:09","","Overhead Press (Smith Machine)",,"Niewiele zabralko do 4 powtorzenia w ostatniej, do poprawy za tydzien",1,"normal",70,9,,,
"Piątek - Barki i łapy","10 Jul 2026, 19:11","10 Jul 2026, 21:09","","Overhead Press (Smith Machine)",,"Niewiele zabralko do 4 powtorzenia w ostatniej, do poprawy za tydzien",2,"normal",75,6,,,
"Piątek - Barki i łapy","10 Jul 2026, 19:11","10 Jul 2026, 21:09","","Overhead Press (Smith Machine)",,"Niewiele zabralko do 4 powtorzenia w ostatniej, do poprawy za tydzien",3,"normal",80,3,,,
"Piątek - Barki i łapy","10 Jul 2026, 19:11","10 Jul 2026, 21:09","","Lateral Raise (Dumbbell)",,"",0,"normal",17.5,9,,,
"Piątek - Barki i łapy","10 Jul 2026, 19:11","10 Jul 2026, 21:09","","Lateral Raise (Dumbbell)",,"",1,"normal",17.5,9,,,
"Piątek - Barki i łapy","10 Jul 2026, 19:11","10 Jul 2026, 21:09","","Single Arm Lateral Raise (Cable)",,"",0,"normal",10,9,,,
"Piątek - Barki i łapy","10 Jul 2026, 19:11","10 Jul 2026, 21:09","","Single Arm Lateral Raise (Cable)",,"",1,"normal",11.25,7,,,
"Piątek - Barki i łapy","10 Jul 2026, 19:11","10 Jul 2026, 21:09","","Face Pull",,"",0,"normal",28.75,12,,,
"Piątek - Barki i łapy","10 Jul 2026, 19:11","10 Jul 2026, 21:09","","Face Pull",,"",1,"normal",28.75,12,,,
"Piątek - Barki i łapy","10 Jul 2026, 19:11","10 Jul 2026, 21:09","","Face Pull",,"",2,"normal",30,12,,,
"Piątek - Barki i łapy","10 Jul 2026, 19:11","10 Jul 2026, 21:09","","Face Pull",,"",3,"normal",31.25,10,,,
"Piątek - Barki i łapy","10 Jul 2026, 19:11","10 Jul 2026, 21:09","","Preacher Curl (Machine)",,"Ego lifting",0,"normal",51.25,9,,,
"Piątek - Barki i łapy","10 Jul 2026, 19:11","10 Jul 2026, 21:09","","Preacher Curl (Machine)",,"Ego lifting",1,"normal",53.75,6,,,
"Piątek - Barki i łapy","10 Jul 2026, 19:11","10 Jul 2026, 21:09","","Preacher Curl (Machine)",,"Ego lifting",2,"normal",56.25,5,,,
"Piątek - Barki i łapy","10 Jul 2026, 19:11","10 Jul 2026, 21:09","","Skullcrusher (Barbell)",,"",0,"normal",49,9,,,
"Piątek - Barki i łapy","10 Jul 2026, 19:11","10 Jul 2026, 21:09","","Skullcrusher (Barbell)",,"",1,"normal",51.5,7,,,
"Piątek - Barki i łapy","10 Jul 2026, 19:11","10 Jul 2026, 21:09","","Skullcrusher (Barbell)",,"",2,"normal",51.5,7,,,
"Piątek - Barki i łapy","10 Jul 2026, 19:11","10 Jul 2026, 21:09","","Seated Incline Curl (Dumbbell)",0,"",0,"normal",17.5,11,,,
"Piątek - Barki i łapy","10 Jul 2026, 19:11","10 Jul 2026, 21:09","","Seated Incline Curl (Dumbbell)",0,"",1,"normal",20,7,,,
"Piątek - Barki i łapy","10 Jul 2026, 19:11","10 Jul 2026, 21:09","","Triceps Pushdown V-Grip",0,"",0,"normal",40,11,,,
"Piątek - Barki i łapy","10 Jul 2026, 19:11","10 Jul 2026, 21:09","","Triceps Pushdown V-Grip",0,"",1,"normal",42.5,9,,,
"Piątek - Barki i łapy","10 Jul 2026, 19:11","10 Jul 2026, 21:09","","Hammer Curl (Cable)",1,"",0,"normal",37.5,9,,,
"Piątek - Barki i łapy","10 Jul 2026, 19:11","10 Jul 2026, 21:09","","Hammer Curl (Cable)",1,"",1,"normal",38.75,8,,,
"Piątek - Barki i łapy","10 Jul 2026, 19:11","10 Jul 2026, 21:09","","Single Arm Triceps Pushdown (Cable) (Catana)",1,"",0,"normal",12.5,8,,,
"Piątek - Barki i łapy","10 Jul 2026, 19:11","10 Jul 2026, 21:09","","Single Arm Triceps Pushdown (Cable) (Catana)",1,"",1,"normal",13.75,7,,,
"Czwartek - Góra - Hipertrofia","9 Jul 2026, 18:41","9 Jul 2026, 20:45","","Feet Up Bench Press (Barbell)",,"",0,"normal",82.5,10,,,
"Czwartek - Góra - Hipertrofia","9 Jul 2026, 18:41","9 Jul 2026, 20:45","","Feet Up Bench Press (Barbell)",,"",1,"normal",85,9,,,
"Czwartek - Góra - Hipertrofia","9 Jul 2026, 18:41","9 Jul 2026, 20:45","","Feet Up Bench Press (Barbell)",,"",2,"normal",87.5,8,,,
"Czwartek - Góra - Hipertrofia","9 Jul 2026, 18:41","9 Jul 2026, 20:45","","Lat Pulldown - Close Grip (Cable)",,"",0,"normal",89,11,,,
"Czwartek - Góra - Hipertrofia","9 Jul 2026, 18:41","9 Jul 2026, 20:45","","Lat Pulldown - Close Grip (Cable)",,"",1,"normal",92.5,9,,,
"Czwartek - Góra - Hipertrofia","9 Jul 2026, 18:41","9 Jul 2026, 20:45","","Lat Pulldown - Close Grip (Cable)",,"",2,"normal",96,7,,,
"Czwartek - Góra - Hipertrofia","9 Jul 2026, 18:41","9 Jul 2026, 20:45","","Lat Pulldown - Close Grip (Cable)",,"",3,"normal",99.5,6,,,
"Czwartek - Góra - Hipertrofia","9 Jul 2026, 18:41","9 Jul 2026, 20:45","","Incline Chest Press (Machine)",,"Ostatnia seria, ostatnie powtorzenie - wyciśnięte calym cialem, techinka do poprawy ogólnie",0,"normal",105,11,,,
"Czwartek - Góra - Hipertrofia","9 Jul 2026, 18:41","9 Jul 2026, 20:45","","Incline Chest Press (Machine)",,"Ostatnia seria, ostatnie powtorzenie - wyciśnięte calym cialem, techinka do poprawy ogólnie",1,"normal",110,9,,,
"Czwartek - Góra - Hipertrofia","9 Jul 2026, 18:41","9 Jul 2026, 20:45","","Incline Chest Press (Machine)",,"Ostatnia seria, ostatnie powtorzenie - wyciśnięte calym cialem, techinka do poprawy ogólnie",2,"normal",115,8,,,
"Czwartek - Góra - Hipertrofia","9 Jul 2026, 18:41","9 Jul 2026, 20:45","","Incline Chest Press (Machine)",,"Ostatnia seria, ostatnie powtorzenie - wyciśnięte calym cialem, techinka do poprawy ogólnie",3,"normal",120,6,,,
"Czwartek - Góra - Hipertrofia","9 Jul 2026, 18:41","9 Jul 2026, 20:45","","Iso-Lateral High Row (Machine)",,"",0,"normal",120,12,,,
"Czwartek - Góra - Hipertrofia","9 Jul 2026, 18:41","9 Jul 2026, 20:45","","Iso-Lateral High Row (Machine)",,"",1,"normal",130,10,,,
"Czwartek - Góra - Hipertrofia","9 Jul 2026, 18:41","9 Jul 2026, 20:45","","Iso-Lateral High Row (Machine)",,"",2,"normal",140,8,,,
"Czwartek - Góra - Hipertrofia","9 Jul 2026, 18:41","9 Jul 2026, 20:45","","Butterfly (Pec Deck)",,"",0,"normal",110,11,,,
"Czwartek - Góra - Hipertrofia","9 Jul 2026, 18:41","9 Jul 2026, 20:45","","Butterfly (Pec Deck)",,"",1,"normal",112.5,9,,,
"Czwartek - Góra - Hipertrofia","9 Jul 2026, 18:41","9 Jul 2026, 20:45","","Butterfly (Pec Deck)",,"",2,"normal",115,7,,,
"Czwartek - Góra - Hipertrofia","9 Jul 2026, 18:41","9 Jul 2026, 20:45","","Pullover (Machine)",,"",0,"normal",95,12,,,
"Czwartek - Góra - Hipertrofia","9 Jul 2026, 18:41","9 Jul 2026, 20:45","","Pullover (Machine)",,"",1,"normal",100,10,,,
"Czwartek - Góra - Hipertrofia","9 Jul 2026, 18:41","9 Jul 2026, 20:45","","Pullover (Machine)",,"",2,"normal",105,10,,,
"Środa - Dzień cardio","8 Jul 2026, 18:35","8 Jul 2026, 19:25","","Treadmill",,"",0,"normal",,,3.77,3000,
"Wtorek - Dół","7 Jul 2026, 18:57","7 Jul 2026, 20:56","","Warm Up",,"",0,"normal",,,,960,
"Wtorek - Dół","7 Jul 2026, 18:57","7 Jul 2026, 20:56","","Front Squat",,"Chwyt olimpijski 1 raz - regresja ciezaru",0,"normal",102.5,5,,,
"Wtorek - Dół","7 Jul 2026, 18:57","7 Jul 2026, 20:56","","Front Squat",,"Chwyt olimpijski 1 raz - regresja ciezaru",1,"normal",107.5,3,,,
"Wtorek - Dół","7 Jul 2026, 18:57","7 Jul 2026, 20:56","","Front Squat",,"Chwyt olimpijski 1 raz - regresja ciezaru",2,"normal",110,2,,,
"Wtorek - Dół","7 Jul 2026, 18:57","7 Jul 2026, 20:56","","Romanian Deadlift (Barbell)",,"",0,"normal",130,8,,,
"Wtorek - Dół","7 Jul 2026, 18:57","7 Jul 2026, 20:56","","Romanian Deadlift (Barbell)",,"",1,"normal",140,6,,,
"Wtorek - Dół","7 Jul 2026, 18:57","7 Jul 2026, 20:56","","Romanian Deadlift (Barbell)",,"",2,"normal",150,5,,,
"Wtorek - Dół","7 Jul 2026, 18:57","7 Jul 2026, 20:56","","Belt Squat (Machine)",,"",0,"normal",120,10,,,
"Wtorek - Dół","7 Jul 2026, 18:57","7 Jul 2026, 20:56","","Belt Squat (Machine)",,"",1,"normal",130,8,,,
"Wtorek - Dół","7 Jul 2026, 18:57","7 Jul 2026, 20:56","","Belt Squat (Machine)",,"",2,"normal",140,8,,,
"Wtorek - Dół","7 Jul 2026, 18:57","7 Jul 2026, 20:56","","Leg Extension (Machine)",,"",0,"normal",87.5,10,,,
"Wtorek - Dół","7 Jul 2026, 18:57","7 Jul 2026, 20:56","","Leg Extension (Machine)",,"",1,"normal",90,9,,,
"Wtorek - Dół","7 Jul 2026, 18:57","7 Jul 2026, 20:56","","Leg Extension (Machine)",,"",2,"normal",92.5,10,,,
"Wtorek - Dół","7 Jul 2026, 18:57","7 Jul 2026, 20:56","","Lying Leg Curl (Machine)",,"",0,"normal",55,9,,,
"Wtorek - Dół","7 Jul 2026, 18:57","7 Jul 2026, 20:56","","Lying Leg Curl (Machine)",,"",1,"normal",57.5,7,,,
"Wtorek - Dół","7 Jul 2026, 18:57","7 Jul 2026, 20:56","","Lying Leg Curl (Machine)",,"",2,"normal",57.5,7,,,
"Wtorek - Dół","7 Jul 2026, 18:57","7 Jul 2026, 20:56","","Hip Adduction (Machine)",,"",0,"normal",100,11,,,
"Wtorek - Dół","7 Jul 2026, 18:57","7 Jul 2026, 20:56","","Hip Adduction (Machine)",,"",1,"normal",100,11,,,
"Wtorek - Dół","7 Jul 2026, 18:57","7 Jul 2026, 20:56","","Cable Crunch",,"",0,"normal",52.5,12,,,
"Wtorek - Dół","7 Jul 2026, 18:57","7 Jul 2026, 20:56","","Cable Crunch",,"",1,"normal",53.75,10,,,
"Wtorek - Dół","7 Jul 2026, 18:57","7 Jul 2026, 20:56","","Cable Crunch",,"",2,"normal",53.75,10,,,
"Wtorek - Dół","7 Jul 2026, 18:57","7 Jul 2026, 20:56","","Cable Core Pallof Press",,"",0,"normal",22.5,9,,,
"Wtorek - Dół","7 Jul 2026, 18:57","7 Jul 2026, 20:56","","Cable Core Pallof Press",,"",1,"normal",23.75,8,,,
"Poniedziałek - Góra","6 Jul 2026, 19:14","6 Jul 2026, 21:51","","Bench Press (Barbell)",,"",0,"normal",97.5,9,,,
"Poniedziałek - Góra","6 Jul 2026, 19:14","6 Jul 2026, 21:51","","Bench Press (Barbell)",,"",1,"normal",100,7,,,
"Poniedziałek - Góra","6 Jul 2026, 19:14","6 Jul 2026, 21:51","","Bench Press (Barbell)",,"",2,"normal",102.5,6,,,
"Poniedziałek - Góra","6 Jul 2026, 19:14","6 Jul 2026, 21:51","","Bench Press (Barbell)",,"",3,"normal",105,4,,,
"Poniedziałek - Góra","6 Jul 2026, 19:14","6 Jul 2026, 21:51","","Pull Up",,"W drugiej serii, 9 powtorzenie niepelne - do poprawy",0,"normal",,10,,,
"Poniedziałek - Góra","6 Jul 2026, 19:14","6 Jul 2026, 21:51","","Pull Up",,"W drugiej serii, 9 powtorzenie niepelne - do poprawy",1,"normal",,9,,,
"Poniedziałek - Góra","6 Jul 2026, 19:14","6 Jul 2026, 21:51","","Pull Up",,"W drugiej serii, 9 powtorzenie niepelne - do poprawy",2,"normal",,8,,,
"Poniedziałek - Góra","6 Jul 2026, 19:14","6 Jul 2026, 21:51","","Pull Up",,"W drugiej serii, 9 powtorzenie niepelne - do poprawy",3,"normal",,6,,,
"Poniedziałek - Góra","6 Jul 2026, 19:14","6 Jul 2026, 21:51","","Incline Bench Press (Smith Machine)",,"",0,"normal",80,6,,,
"Poniedziałek - Góra","6 Jul 2026, 19:14","6 Jul 2026, 21:51","","Incline Bench Press (Smith Machine)",,"",1,"normal",80,7,,,
"Poniedziałek - Góra","6 Jul 2026, 19:14","6 Jul 2026, 21:51","","Incline Bench Press (Smith Machine)",,"",2,"normal",82.5,6,,,
"Poniedziałek - Góra","6 Jul 2026, 19:14","6 Jul 2026, 21:51","","T Bar Row",,"",0,"normal",61.25,10,,,
"Poniedziałek - Góra","6 Jul 2026, 19:14","6 Jul 2026, 21:51","","T Bar Row",,"",1,"normal",66.25,8,,,
"Poniedziałek - Góra","6 Jul 2026, 19:14","6 Jul 2026, 21:51","","T Bar Row",,"",2,"normal",71.25,7,,,
"Poniedziałek - Góra","6 Jul 2026, 19:14","6 Jul 2026, 21:51","","Low Cable Fly Crossovers",,"",0,"normal",16.25,11,,,
"Poniedziałek - Góra","6 Jul 2026, 19:14","6 Jul 2026, 21:51","","Low Cable Fly Crossovers",,"",1,"normal",17.5,8,,,
"Poniedziałek - Góra","6 Jul 2026, 19:14","6 Jul 2026, 21:51","","Low Cable Fly Crossovers",,"",2,"normal",17.5,8,,,
"Poniedziałek - Góra","6 Jul 2026, 19:14","6 Jul 2026, 21:51","","Single Arm Cable Row",,"",0,"normal",47.5,11,,,
"Poniedziałek - Góra","6 Jul 2026, 19:14","6 Jul 2026, 21:51","","Single Arm Cable Row",,"",1,"normal",50,10,,,
"Poniedziałek - Góra","6 Jul 2026, 19:14","6 Jul 2026, 21:51","","Single Arm Cable Row",,"",2,"normal",52.5,8,,,
"Poniedziałek - Góra","6 Jul 2026, 19:14","6 Jul 2026, 21:51","","Lateral Raise (Machine)",,"",0,"normal",60,9,,,
"Poniedziałek - Góra","6 Jul 2026, 19:14","6 Jul 2026, 21:51","","Lateral Raise (Machine)",,"",1,"normal",60,9,,,
"Poniedziałek - Góra","6 Jul 2026, 19:14","6 Jul 2026, 21:51","","Rear Delt Reverse Fly (Machine)",,"",0,"normal",22.5,11,,,
"Poniedziałek - Góra","6 Jul 2026, 19:14","6 Jul 2026, 21:51","","Rear Delt Reverse Fly (Machine)",,"",1,"normal",22.5,10,,,
"Poniedziałek - Góra","6 Jul 2026, 19:14","6 Jul 2026, 21:51","","Bicep Curl (Cable)",0,"",0,"normal",32.5,8,,,
"Poniedziałek - Góra","6 Jul 2026, 19:14","6 Jul 2026, 21:51","","Bicep Curl (Cable)",0,"",1,"normal",33.75,7,,,
"Poniedziałek - Góra","6 Jul 2026, 19:14","6 Jul 2026, 21:51","","Triceps Rope Pushdown",0,"",0,"normal",32.5,9,,,
"Poniedziałek - Góra","6 Jul 2026, 19:14","6 Jul 2026, 21:51","","Triceps Rope Pushdown",0,"",1,"normal",33.75,7,,,
"Sobota - Nogi - Hipertrofia","4 Jul 2026, 15:54","4 Jul 2026, 18:05","","Pendulum Squat (Machine)",,"",0,"normal",106.7,10,,,
"Sobota - Nogi - Hipertrofia","4 Jul 2026, 15:54","4 Jul 2026, 18:05","","Pendulum Squat (Machine)",,"",1,"normal",111.7,8,,,
"Sobota - Nogi - Hipertrofia","4 Jul 2026, 15:54","4 Jul 2026, 18:05","","Pendulum Squat (Machine)",,"",2,"normal",116.7,5,,,
"Sobota - Nogi - Hipertrofia","4 Jul 2026, 15:54","4 Jul 2026, 18:05","","Single Leg Press (Machine)",,"",0,"normal",128,8,,,
"Sobota - Nogi - Hipertrofia","4 Jul 2026, 15:54","4 Jul 2026, 18:05","","Single Leg Press (Machine)",,"",1,"normal",138,8,,,
"Sobota - Nogi - Hipertrofia","4 Jul 2026, 15:54","4 Jul 2026, 18:05","","Single Leg Press (Machine)",,"",2,"normal",148,8,,,
"Sobota - Nogi - Hipertrofia","4 Jul 2026, 15:54","4 Jul 2026, 18:05","","Single Leg Extensions",,"",0,"normal",36.8,8,,,
"Sobota - Nogi - Hipertrofia","4 Jul 2026, 15:54","4 Jul 2026, 18:05","","Single Leg Extensions",,"",1,"normal",38.05,7,,,
"Sobota - Nogi - Hipertrofia","4 Jul 2026, 15:54","4 Jul 2026, 18:05","","Single Leg Extensions",,"",2,"normal",39.3,7,,,
"Sobota - Nogi - Hipertrofia","4 Jul 2026, 15:54","4 Jul 2026, 18:05","","Standing Leg Curls",,"",0,"normal",39.85,10,,,
"Sobota - Nogi - Hipertrofia","4 Jul 2026, 15:54","4 Jul 2026, 18:05","","Standing Leg Curls",,"",1,"normal",42.35,8,,,
"Sobota - Nogi - Hipertrofia","4 Jul 2026, 15:54","4 Jul 2026, 18:05","","Standing Leg Curls",,"",2,"normal",44.85,7,,,
"Sobota - Nogi - Hipertrofia","4 Jul 2026, 15:54","4 Jul 2026, 18:05","","Hanging Leg Raise",,"",0,"normal",,14,,,
"Sobota - Nogi - Hipertrofia","4 Jul 2026, 15:54","4 Jul 2026, 18:05","","Hanging Leg Raise",,"",1,"normal",,14,,,
"Sobota - Nogi - Hipertrofia","4 Jul 2026, 15:54","4 Jul 2026, 18:05","","Hanging Leg Raise",,"",2,"normal",,14,,,
"Sobota - Nogi - Hipertrofia","4 Jul 2026, 15:54","4 Jul 2026, 18:05","","Cable Crunch - Wyciąg Kapelanka - Na Podwyższeniu 15cm",,"",0,"normal",44.5,11,,,
"Sobota - Nogi - Hipertrofia","4 Jul 2026, 15:54","4 Jul 2026, 18:05","","Cable Crunch - Wyciąg Kapelanka - Na Podwyższeniu 15cm",,"",1,"normal",44.5,10,,,
"Sobota - Nogi - Hipertrofia","4 Jul 2026, 15:54","4 Jul 2026, 18:05","","Cable Crunch - Wyciąg Kapelanka - Na Podwyższeniu 15cm",,"",2,"normal",44.5,10,,,
"Piątek - Barki i łapy","3 Jul 2026, 18:58","3 Jul 2026, 21:03","","Overhead Press (Smith Machine)",,"",0,"normal",65,10,,,
"Piątek - Barki i łapy","3 Jul 2026, 18:58","3 Jul 2026, 21:03","","Overhead Press (Smith Machine)",,"",1,"normal",70,8,,,
"Piątek - Barki i łapy","3 Jul 2026, 18:58","3 Jul 2026, 21:03","","Overhead Press (Smith Machine)",,"",2,"normal",75,6,,,
"Piątek - Barki i łapy","3 Jul 2026, 18:58","3 Jul 2026, 21:03","","Overhead Press (Smith Machine)",,"",3,"normal",80,3,,,
"Piątek - Barki i łapy","3 Jul 2026, 18:58","3 Jul 2026, 21:03","","Lateral Raise (Dumbbell)",,"",0,"normal",17.5,9,,,
"Piątek - Barki i łapy","3 Jul 2026, 18:58","3 Jul 2026, 21:03","","Lateral Raise (Dumbbell)",,"",1,"normal",17.5,9,,,
"Piątek - Barki i łapy","3 Jul 2026, 18:58","3 Jul 2026, 21:03","","Single Arm Lateral Raise (Cable)",,"",0,"normal",10,9,,,
"Piątek - Barki i łapy","3 Jul 2026, 18:58","3 Jul 2026, 21:03","","Single Arm Lateral Raise (Cable)",,"",1,"normal",11.25,7,,,
"Piątek - Barki i łapy","3 Jul 2026, 18:58","3 Jul 2026, 21:03","","Face Pull",,"",0,"normal",28.75,11,,,
"Piątek - Barki i łapy","3 Jul 2026, 18:58","3 Jul 2026, 21:03","","Face Pull",,"",1,"normal",28.75,11,,,
"Piątek - Barki i łapy","3 Jul 2026, 18:58","3 Jul 2026, 21:03","","Face Pull",,"",2,"normal",30,9,,,
"Piątek - Barki i łapy","3 Jul 2026, 18:58","3 Jul 2026, 21:03","","Face Pull",,"",3,"normal",30,10,,,
"Piątek - Barki i łapy","3 Jul 2026, 18:58","3 Jul 2026, 21:03","","Preacher Curl (Machine)",,"",0,"normal",51.25,8,,,
"Piątek - Barki i łapy","3 Jul 2026, 18:58","3 Jul 2026, 21:03","","Preacher Curl (Machine)",,"",1,"normal",53.75,6,,,
"Piątek - Barki i łapy","3 Jul 2026, 18:58","3 Jul 2026, 21:03","","Preacher Curl (Machine)",,"",2,"normal",56.25,5,,,
"Piątek - Barki i łapy","3 Jul 2026, 18:58","3 Jul 2026, 21:03","","Skullcrusher (Barbell)",,"",0,"normal",49,9,,,
"Piątek - Barki i łapy","3 Jul 2026, 18:58","3 Jul 2026, 21:03","","Skullcrusher (Barbell)",,"",1,"normal",51.5,7,,,
"Piątek - Barki i łapy","3 Jul 2026, 18:58","3 Jul 2026, 21:03","","Skullcrusher (Barbell)",,"",2,"normal",51.5,6,,,
"Piątek - Barki i łapy","3 Jul 2026, 18:58","3 Jul 2026, 21:03","","Seated Incline Curl (Dumbbell)",0,"",0,"normal",17.5,10,,,
"Piątek - Barki i łapy","3 Jul 2026, 18:58","3 Jul 2026, 21:03","","Seated Incline Curl (Dumbbell)",0,"",1,"normal",20,6,,,
"Piątek - Barki i łapy","3 Jul 2026, 18:58","3 Jul 2026, 21:03","","Triceps Pushdown V-Grip",0,"",0,"normal",40,10,,,
"Piątek - Barki i łapy","3 Jul 2026, 18:58","3 Jul 2026, 21:03","","Triceps Pushdown V-Grip",0,"",1,"normal",42.5,8,,,
"Piątek - Barki i łapy","3 Jul 2026, 18:58","3 Jul 2026, 21:03","","Hammer Curl (Cable)",1,"",0,"normal",37.5,9,,,
"Piątek - Barki i łapy","3 Jul 2026, 18:58","3 Jul 2026, 21:03","","Hammer Curl (Cable)",1,"",1,"normal",38.75,7,,,
"Piątek - Barki i łapy","3 Jul 2026, 18:58","3 Jul 2026, 21:03","","Single Arm Triceps Pushdown (Cable) (Catana)",1,"",0,"normal",12.5,8,,,
"Piątek - Barki i łapy","3 Jul 2026, 18:58","3 Jul 2026, 21:03","","Single Arm Triceps Pushdown (Cable) (Catana)",1,"",1,"normal",13.75,7,,,
"Czwartek - Góra - Hipertrofia","2 Jul 2026, 18:43","2 Jul 2026, 20:35","","Feet Up Bench Press (Barbell)",,"",0,"normal",80,10,,,
"Czwartek - Góra - Hipertrofia","2 Jul 2026, 18:43","2 Jul 2026, 20:35","","Feet Up Bench Press (Barbell)",,"",1,"normal",82.5,8,,,
"Czwartek - Góra - Hipertrofia","2 Jul 2026, 18:43","2 Jul 2026, 20:35","","Feet Up Bench Press (Barbell)",,"",2,"normal",85,8,,,
"Czwartek - Góra - Hipertrofia","2 Jul 2026, 18:43","2 Jul 2026, 20:35","","Lat Pulldown - Close Grip (Cable)",,"",0,"normal",89,10,,,
"Czwartek - Góra - Hipertrofia","2 Jul 2026, 18:43","2 Jul 2026, 20:35","","Lat Pulldown - Close Grip (Cable)",,"",1,"normal",92.5,8,,,
"Czwartek - Góra - Hipertrofia","2 Jul 2026, 18:43","2 Jul 2026, 20:35","","Lat Pulldown - Close Grip (Cable)",,"",2,"normal",96,6,,,
"Czwartek - Góra - Hipertrofia","2 Jul 2026, 18:43","2 Jul 2026, 20:35","","Lat Pulldown - Close Grip (Cable)",,"",3,"normal",96,6,,,
"Czwartek - Góra - Hipertrofia","2 Jul 2026, 18:43","2 Jul 2026, 20:35","","Incline Chest Press (Machine)",,"",0,"normal",105,10,,,
"Czwartek - Góra - Hipertrofia","2 Jul 2026, 18:43","2 Jul 2026, 20:35","","Incline Chest Press (Machine)",,"",1,"normal",110,9,,,
"Czwartek - Góra - Hipertrofia","2 Jul 2026, 18:43","2 Jul 2026, 20:35","","Incline Chest Press (Machine)",,"",2,"normal",115,7,,,
"Czwartek - Góra - Hipertrofia","2 Jul 2026, 18:43","2 Jul 2026, 20:35","","Incline Chest Press (Machine)",,"",3,"normal",120,5,,,
"Czwartek - Góra - Hipertrofia","2 Jul 2026, 18:43","2 Jul 2026, 20:35","","Iso-Lateral High Row (Machine)",,"",0,"normal",105,12,,,
"Czwartek - Góra - Hipertrofia","2 Jul 2026, 18:43","2 Jul 2026, 20:35","","Iso-Lateral High Row (Machine)",,"",1,"normal",125,10,,,
"Czwartek - Góra - Hipertrofia","2 Jul 2026, 18:43","2 Jul 2026, 20:35","","Iso-Lateral High Row (Machine)",,"",2,"normal",135,8,,,
"Czwartek - Góra - Hipertrofia","2 Jul 2026, 18:43","2 Jul 2026, 20:35","","Butterfly (Pec Deck)",,"",0,"normal",110,10,,,
"Czwartek - Góra - Hipertrofia","2 Jul 2026, 18:43","2 Jul 2026, 20:35","","Butterfly (Pec Deck)",,"",1,"normal",112.5,8,,,
"Czwartek - Góra - Hipertrofia","2 Jul 2026, 18:43","2 Jul 2026, 20:35","","Butterfly (Pec Deck)",,"",2,"normal",112.5,7,,,
"Czwartek - Góra - Hipertrofia","2 Jul 2026, 18:43","2 Jul 2026, 20:35","","Pullover (Machine)",,"",0,"normal",92.5,12,,,
"Czwartek - Góra - Hipertrofia","2 Jul 2026, 18:43","2 Jul 2026, 20:35","","Pullover (Machine)",,"",1,"normal",97.5,11,,,
"Czwartek - Góra - Hipertrofia","2 Jul 2026, 18:43","2 Jul 2026, 20:35","","Pullover (Machine)",,"",2,"normal",102.5,9,,,
"Środa - Dzień cardio","1 Jul 2026, 18:35","1 Jul 2026, 19:22","","Treadmill",,"",0,"normal",,,3.47,2760,
"Wtorek - Dół","30 Jun 2026, 19:22","30 Jun 2026, 21:35","","Warm Up",,"",0,"normal",,,,901,
"Wtorek - Dół","30 Jun 2026, 19:22","30 Jun 2026, 21:35","","Front Squat",,"",0,"normal",102.5,5,,,
"Wtorek - Dół","30 Jun 2026, 19:22","30 Jun 2026, 21:35","","Front Squat",,"",1,"normal",107.5,4,,,
"Wtorek - Dół","30 Jun 2026, 19:22","30 Jun 2026, 21:35","","Front Squat",,"",2,"normal",112.5,3,,,
"Wtorek - Dół","30 Jun 2026, 19:22","30 Jun 2026, 21:35","","Romanian Deadlift (Barbell)",,"",0,"normal",130,8,,,
"Wtorek - Dół","30 Jun 2026, 19:22","30 Jun 2026, 21:35","","Romanian Deadlift (Barbell)",,"",1,"normal",140,6,,,
"Wtorek - Dół","30 Jun 2026, 19:22","30 Jun 2026, 21:35","","Romanian Deadlift (Barbell)",,"",2,"normal",150,4,,,
"Wtorek - Dół","30 Jun 2026, 19:22","30 Jun 2026, 21:35","","Hack Squat (Machine)",,"",0,"normal",135,8,,,
"Wtorek - Dół","30 Jun 2026, 19:22","30 Jun 2026, 21:35","","Hack Squat (Machine)",,"",1,"normal",137.5,7,,,
"Wtorek - Dół","30 Jun 2026, 19:22","30 Jun 2026, 21:35","","Hack Squat (Machine)",,"",2,"normal",140,6,,,
"Wtorek - Dół","30 Jun 2026, 19:22","30 Jun 2026, 21:35","","Leg Extension (Machine)",,"",0,"normal",85,10,,,
"Wtorek - Dół","30 Jun 2026, 19:22","30 Jun 2026, 21:35","","Leg Extension (Machine)",,"",1,"normal",87.5,10,,,
"Wtorek - Dół","30 Jun 2026, 19:22","30 Jun 2026, 21:35","","Leg Extension (Machine)",,"",2,"normal",90,8,,,
"Wtorek - Dół","30 Jun 2026, 19:22","30 Jun 2026, 21:35","","Lying Leg Curl (Machine)",,"",0,"normal",52.5,10,,,
"Wtorek - Dół","30 Jun 2026, 19:22","30 Jun 2026, 21:35","","Lying Leg Curl (Machine)",,"",1,"normal",55,8,,,
"Wtorek - Dół","30 Jun 2026, 19:22","30 Jun 2026, 21:35","","Lying Leg Curl (Machine)",,"",2,"normal",57.5,6,,,
"Wtorek - Dół","30 Jun 2026, 19:22","30 Jun 2026, 21:35","","Hip Adduction (Machine)",,"",0,"normal",100,10,,,
"Wtorek - Dół","30 Jun 2026, 19:22","30 Jun 2026, 21:35","","Hip Adduction (Machine)",,"",1,"normal",100,10,,,
"Wtorek - Dół","30 Jun 2026, 19:22","30 Jun 2026, 21:35","","Cable Crunch",,"",0,"normal",51.25,12,,,
"Wtorek - Dół","30 Jun 2026, 19:22","30 Jun 2026, 21:35","","Cable Crunch",,"",1,"normal",52.5,11,,,
"Wtorek - Dół","30 Jun 2026, 19:22","30 Jun 2026, 21:35","","Cable Crunch",,"",2,"normal",53.75,9,,,
"Wtorek - Dół","30 Jun 2026, 19:22","30 Jun 2026, 21:35","","Cable Core Pallof Press",,"",0,"normal",21.25,9,,,
"Wtorek - Dół","30 Jun 2026, 19:22","30 Jun 2026, 21:35","","Cable Core Pallof Press",,"",1,"normal",22.5,8,,,
"Poniedziałek - Góra","29 Jun 2026, 19:16","29 Jun 2026, 21:29","","Bench Press (Barbell)",,"",0,"normal",97.5,8,,,
"Poniedziałek - Góra","29 Jun 2026, 19:16","29 Jun 2026, 21:29","","Bench Press (Barbell)",,"",1,"normal",100,7,,,
"Poniedziałek - Góra","29 Jun 2026, 19:16","29 Jun 2026, 21:29","","Bench Press (Barbell)",,"",2,"normal",102.5,6,,,
"Poniedziałek - Góra","29 Jun 2026, 19:16","29 Jun 2026, 21:29","","Bench Press (Barbell)",,"",3,"normal",102.5,5,,,
"Poniedziałek - Góra","29 Jun 2026, 19:16","29 Jun 2026, 21:29","","Pull Up",,"",0,"normal",,9,,,
"Poniedziałek - Góra","29 Jun 2026, 19:16","29 Jun 2026, 21:29","","Pull Up",,"",1,"normal",,8,,,
"Poniedziałek - Góra","29 Jun 2026, 19:16","29 Jun 2026, 21:29","","Pull Up",,"",2,"normal",,7,,,
"Poniedziałek - Góra","29 Jun 2026, 19:16","29 Jun 2026, 21:29","","Pull Up",,"",3,"normal",,7,,,
"Poniedziałek - Góra","29 Jun 2026, 19:16","29 Jun 2026, 21:29","","Incline Bench Press (Smith Machine)",,"",0,"normal",80,6,,,
"Poniedziałek - Góra","29 Jun 2026, 19:16","29 Jun 2026, 21:29","","Incline Bench Press (Smith Machine)",,"",1,"normal",80,6,,,
"Poniedziałek - Góra","29 Jun 2026, 19:16","29 Jun 2026, 21:29","","Incline Bench Press (Smith Machine)",,"",2,"normal",80,6,,,
"Poniedziałek - Góra","29 Jun 2026, 19:16","29 Jun 2026, 21:29","","T Bar Row",,"",0,"normal",60,10,,,
"Poniedziałek - Góra","29 Jun 2026, 19:16","29 Jun 2026, 21:29","","T Bar Row",,"",1,"normal",65,8,,,
"Poniedziałek - Góra","29 Jun 2026, 19:16","29 Jun 2026, 21:29","","T Bar Row",,"",2,"normal",70,6,,,
"Poniedziałek - Góra","29 Jun 2026, 19:16","29 Jun 2026, 21:29","","Low Cable Fly Crossovers",,"",0,"normal",16.25,10,,,
"Poniedziałek - Góra","29 Jun 2026, 19:16","29 Jun 2026, 21:29","","Low Cable Fly Crossovers",,"",1,"normal",17.5,7,,,
"Poniedziałek - Góra","29 Jun 2026, 19:16","29 Jun 2026, 21:29","","Low Cable Fly Crossovers",,"",2,"normal",17.5,7,,,
"Poniedziałek - Góra","29 Jun 2026, 19:16","29 Jun 2026, 21:29","","Single Arm Cable Row",,"",0,"normal",47.5,10,,,
"Poniedziałek - Góra","29 Jun 2026, 19:16","29 Jun 2026, 21:29","","Single Arm Cable Row",,"",1,"normal",50,9,,,
"Poniedziałek - Góra","29 Jun 2026, 19:16","29 Jun 2026, 21:29","","Single Arm Cable Row",,"",2,"normal",51.25,8,,,
"Poniedziałek - Góra","29 Jun 2026, 19:16","29 Jun 2026, 21:29","","Lateral Raise (Machine)",,"",0,"normal",60,9,,,
"Poniedziałek - Góra","29 Jun 2026, 19:16","29 Jun 2026, 21:29","","Lateral Raise (Machine)",,"",1,"normal",60,8,,,
"Poniedziałek - Góra","29 Jun 2026, 19:16","29 Jun 2026, 21:29","","Rear Delt Reverse Fly (Machine)",,"",0,"normal",22.5,11,,,
"Poniedziałek - Góra","29 Jun 2026, 19:16","29 Jun 2026, 21:29","","Rear Delt Reverse Fly (Machine)",,"",1,"normal",22.5,10,,,
"Poniedziałek - Góra","29 Jun 2026, 19:16","29 Jun 2026, 21:29","","Bicep Curl (Cable)",0,"",0,"normal",32.5,8,,,
"Poniedziałek - Góra","29 Jun 2026, 19:16","29 Jun 2026, 21:29","","Bicep Curl (Cable)",0,"",1,"normal",32.5,8,,,
"Poniedziałek - Góra","29 Jun 2026, 19:16","29 Jun 2026, 21:29","","Triceps Pushdown (Chwyt Podwójny)",0,"",0,"normal",32.5,8,,,
"Poniedziałek - Góra","29 Jun 2026, 19:16","29 Jun 2026, 21:29","","Triceps Pushdown (Chwyt Podwójny)",0,"",1,"normal",32.5,10,,,
"Sobota - Nogi - Hipertrofia","27 Jun 2026, 12:46","27 Jun 2026, 13:42","DELOAD","Pendulum Squat (Machine)",,"",0,"normal",111.7,6,,,
"Sobota - Nogi - Hipertrofia","27 Jun 2026, 12:46","27 Jun 2026, 13:42","DELOAD","Pendulum Squat (Machine)",,"",1,"normal",116.7,4,,,
"Sobota - Nogi - Hipertrofia","27 Jun 2026, 12:46","27 Jun 2026, 13:42","DELOAD","Single Leg Press (Machine)",,"",0,"normal",143,6,,,
"Sobota - Nogi - Hipertrofia","27 Jun 2026, 12:46","27 Jun 2026, 13:42","DELOAD","Single Leg Press (Machine)",,"",1,"normal",143,6,,,
"Sobota - Nogi - Hipertrofia","27 Jun 2026, 12:46","27 Jun 2026, 13:42","DELOAD","Single Leg Extensions",,"",0,"normal",38.05,5,,,
"Sobota - Nogi - Hipertrofia","27 Jun 2026, 12:46","27 Jun 2026, 13:42","DELOAD","Single Leg Extensions",,"",1,"normal",39.3,4,,,
"Sobota - Nogi - Hipertrofia","27 Jun 2026, 12:46","27 Jun 2026, 13:42","DELOAD","Standing Leg Curls",,"",0,"normal",42.35,6,,,
"Sobota - Nogi - Hipertrofia","27 Jun 2026, 12:46","27 Jun 2026, 13:42","DELOAD","Standing Leg Curls",,"",1,"normal",44.85,4,,,
"Sobota - Nogi - Hipertrofia","27 Jun 2026, 12:46","27 Jun 2026, 13:42","DELOAD","Hanging Leg Raise",,"",0,"normal",,10,,,
"Sobota - Nogi - Hipertrofia","27 Jun 2026, 12:46","27 Jun 2026, 13:42","DELOAD","Hanging Leg Raise",,"",1,"normal",,12,,,
"Sobota - Nogi - Hipertrofia","27 Jun 2026, 12:46","27 Jun 2026, 13:42","DELOAD","Cable Crunch - Wyciąg Kapelanka - Na Podwyższeniu 15cm",,"",0,"normal",44.5,9,,,
"Sobota - Nogi - Hipertrofia","27 Jun 2026, 12:46","27 Jun 2026, 13:42","DELOAD","Cable Crunch - Wyciąg Kapelanka - Na Podwyższeniu 15cm",,"",1,"normal",44.5,9,,,
"Piątek - Barki i łapy","26 Jun 2026, 18:00","26 Jun 2026, 18:56","DELOAD","Overhead Press (Smith Machine)",,"",0,"normal",70,6,,,
"Piątek - Barki i łapy","26 Jun 2026, 18:00","26 Jun 2026, 18:56","DELOAD","Overhead Press (Smith Machine)",,"",1,"normal",75,4,,,
"Piątek - Barki i łapy","26 Jun 2026, 18:00","26 Jun 2026, 18:56","DELOAD","Lateral Raise (Dumbbell)",,"",0,"normal",17.5,6,,,
"Piątek - Barki i łapy","26 Jun 2026, 18:00","26 Jun 2026, 18:56","DELOAD","Single Arm Lateral Raise (Cable)",,"",0,"normal",10,7,,,
"Piątek - Barki i łapy","26 Jun 2026, 18:00","26 Jun 2026, 18:56","DELOAD","Face Pull",,"",0,"normal",28.75,8,,,
"Piątek - Barki i łapy","26 Jun 2026, 18:00","26 Jun 2026, 18:56","DELOAD","Face Pull",,"",1,"normal",28.75,8,,,
"Piątek - Barki i łapy","26 Jun 2026, 18:00","26 Jun 2026, 18:56","DELOAD","Preacher Curl (Machine)",,"",0,"normal",51.25,6,,,
"Piątek - Barki i łapy","26 Jun 2026, 18:00","26 Jun 2026, 18:56","DELOAD","Preacher Curl (Machine)",,"",1,"normal",53.75,4,,,
"Piątek - Barki i łapy","26 Jun 2026, 18:00","26 Jun 2026, 18:56","DELOAD","Skullcrusher (Barbell)",,"",0,"normal",49,6,,,
"Piątek - Barki i łapy","26 Jun 2026, 18:00","26 Jun 2026, 18:56","DELOAD","Skullcrusher (Barbell)",,"",1,"normal",51.5,4,,,
"Piątek - Barki i łapy","26 Jun 2026, 18:00","26 Jun 2026, 18:56","DELOAD","Seated Incline Curl (Dumbbell)",0,"",0,"normal",17.5,8,,,
"Piątek - Barki i łapy","26 Jun 2026, 18:00","26 Jun 2026, 18:56","DELOAD","Seated Incline Curl (Dumbbell)",0,"",1,"normal",20,4,,,
"Piątek - Barki i łapy","26 Jun 2026, 18:00","26 Jun 2026, 18:56","DELOAD","Triceps Rope Pushdown",0,"",0,"normal",32.2,6,,,
"Piątek - Barki i łapy","26 Jun 2026, 18:00","26 Jun 2026, 18:56","DELOAD","Triceps Rope Pushdown",0,"",1,"normal",32.5,6,,,
"Piątek - Barki i łapy","26 Jun 2026, 18:00","26 Jun 2026, 18:56","DELOAD","Hammer Curl (Cable)",1,"",0,"normal",37.5,7,,,
"Piątek - Barki i łapy","26 Jun 2026, 18:00","26 Jun 2026, 18:56","DELOAD","Single Arm Triceps Pushdown (Cable)",1,"",0,"normal",15,6,,,
"Czwartek - Góra - Hipertrofia","25 Jun 2026, 18:36","25 Jun 2026, 19:39","DELOAD","Bench Press (Barbell) Hipertrofia",,"",0,"normal",95,7,,,
"Czwartek - Góra - Hipertrofia","25 Jun 2026, 18:36","25 Jun 2026, 19:39","DELOAD","Bench Press (Barbell) Hipertrofia",,"",1,"normal",97.5,6,,,
"Czwartek - Góra - Hipertrofia","25 Jun 2026, 18:36","25 Jun 2026, 19:39","DELOAD","Lat Pulldown (Cable)",,"",0,"normal",96,6,,,
"Czwartek - Góra - Hipertrofia","25 Jun 2026, 18:36","25 Jun 2026, 19:39","DELOAD","Lat Pulldown (Cable)",,"",1,"normal",99.5,5,,,
"Czwartek - Góra - Hipertrofia","25 Jun 2026, 18:36","25 Jun 2026, 19:39","DELOAD","Incline Chest Press (Machine)",,"",0,"normal",115,6,,,
"Czwartek - Góra - Hipertrofia","25 Jun 2026, 18:36","25 Jun 2026, 19:39","DELOAD","Incline Chest Press (Machine)",,"",1,"normal",120,4,,,
"Czwartek - Góra - Hipertrofia","25 Jun 2026, 18:36","25 Jun 2026, 19:39","DELOAD","Iso-Lateral High Row (Machine)",,"",0,"normal",130,8,,,
"Czwartek - Góra - Hipertrofia","25 Jun 2026, 18:36","25 Jun 2026, 19:39","DELOAD","Iso-Lateral High Row (Machine)",,"",1,"normal",130,8,,,
"Czwartek - Góra - Hipertrofia","25 Jun 2026, 18:36","25 Jun 2026, 19:39","DELOAD","Butterfly (Pec Deck)",,"",0,"normal",110,7,,,
"Czwartek - Góra - Hipertrofia","25 Jun 2026, 18:36","25 Jun 2026, 19:39","DELOAD","Butterfly (Pec Deck)",,"",1,"normal",112.5,5,,,
"Czwartek - Góra - Hipertrofia","25 Jun 2026, 18:36","25 Jun 2026, 19:39","DELOAD","Pullover (Machine)",,"",0,"normal",95,9,,,
"Czwartek - Góra - Hipertrofia","25 Jun 2026, 18:36","25 Jun 2026, 19:39","DELOAD","Pullover (Machine)",,"",1,"normal",100,8,,,
"Środa - Dzień cardio","24 Jun 2026, 18:30","24 Jun 2026, 19:16","","Treadmill",,"",0,"normal",,,3.35,2700,
"Wtorek - Dół","23 Jun 2026, 19:03","23 Jun 2026, 20:11","DELOAD","Warm Up",,"",0,"normal",,,,893,
"Wtorek - Dół","23 Jun 2026, 19:03","23 Jun 2026, 20:11","DELOAD","Front Squat",,"",0,"normal",105,3,,,
"Wtorek - Dół","23 Jun 2026, 19:03","23 Jun 2026, 20:11","DELOAD","Front Squat",,"",1,"normal",110,2,,,
"Wtorek - Dół","23 Jun 2026, 19:03","23 Jun 2026, 20:11","DELOAD","Romanian Deadlift (Barbell)",,"",0,"normal",140,4,,,
"Wtorek - Dół","23 Jun 2026, 19:03","23 Jun 2026, 20:11","DELOAD","Romanian Deadlift (Barbell)",,"",1,"normal",150,3,,,
"Wtorek - Dół","23 Jun 2026, 19:03","23 Jun 2026, 20:11","DELOAD","Hack Squat (Machine)",,"",0,"normal",137.5,5,,,
"Wtorek - Dół","23 Jun 2026, 19:03","23 Jun 2026, 20:11","DELOAD","Hack Squat (Machine)",,"",1,"normal",142.5,3,,,
"Wtorek - Dół","23 Jun 2026, 19:03","23 Jun 2026, 20:11","DELOAD","Leg Extension (Machine)",,"",0,"normal",85,8,,,
"Wtorek - Dół","23 Jun 2026, 19:03","23 Jun 2026, 20:11","DELOAD","Leg Extension (Machine)",,"",1,"normal",87.5,8,,,
"Wtorek - Dół","23 Jun 2026, 19:03","23 Jun 2026, 20:11","DELOAD","Lying Leg Curl (Machine)",,"",0,"normal",55,6,,,
"Wtorek - Dół","23 Jun 2026, 19:03","23 Jun 2026, 20:11","DELOAD","Lying Leg Curl (Machine)",,"",1,"normal",55,6,,,
"Wtorek - Dół","23 Jun 2026, 19:03","23 Jun 2026, 20:11","DELOAD","Hip Adduction (Machine)",,"",0,"normal",100,8,,,
"Wtorek - Dół","23 Jun 2026, 19:03","23 Jun 2026, 20:11","DELOAD","Cable Crunch",,"",0,"normal",51.25,10,,,
"Wtorek - Dół","23 Jun 2026, 19:03","23 Jun 2026, 20:11","DELOAD","Cable Crunch",,"",1,"normal",52.5,8,,,
"Wtorek - Dół","23 Jun 2026, 19:03","23 Jun 2026, 20:11","DELOAD","Cable Core Pallof Press",,"",0,"normal",21.25,6,,,
"Poniedziałek - Góra","22 Jun 2026, 19:06","22 Jun 2026, 20:26","DELOAD","Bench Press (Barbell)",,"",0,"normal",100,6,,,
"Poniedziałek - Góra","22 Jun 2026, 19:06","22 Jun 2026, 20:26","DELOAD","Bench Press (Barbell)",,"",1,"normal",102.5,4,,,
"Poniedziałek - Góra","22 Jun 2026, 19:06","22 Jun 2026, 20:26","DELOAD","Pull Up",,"",0,"normal",,7,,,
"Poniedziałek - Góra","22 Jun 2026, 19:06","22 Jun 2026, 20:26","DELOAD","Pull Up",,"",1,"normal",,6,,,
"Poniedziałek - Góra","22 Jun 2026, 19:06","22 Jun 2026, 20:26","DELOAD","Incline Bench Press (Smith Machine)",,"",0,"normal",80,6,,,
"Poniedziałek - Góra","22 Jun 2026, 19:06","22 Jun 2026, 20:26","DELOAD","Incline Bench Press (Smith Machine)",,"",1,"normal",82.5,5,,,
"Poniedziałek - Góra","22 Jun 2026, 19:06","22 Jun 2026, 20:26","DELOAD","Dumbbell Row",,"",0,"normal",55,10,,,
"Poniedziałek - Góra","22 Jun 2026, 19:06","22 Jun 2026, 20:26","DELOAD","Dumbbell Row",,"",1,"normal",55,10,,,
"Poniedziałek - Góra","22 Jun 2026, 19:06","22 Jun 2026, 20:26","DELOAD","Low Cable Fly Crossovers",,"",0,"normal",16.25,8,,,
"Poniedziałek - Góra","22 Jun 2026, 19:06","22 Jun 2026, 20:26","DELOAD","Low Cable Fly Crossovers",,"",1,"normal",17.5,6,,,
"Poniedziałek - Góra","22 Jun 2026, 19:06","22 Jun 2026, 20:26","DELOAD","Single Arm Cable Row",,"",0,"normal",50,7,,,
"Poniedziałek - Góra","22 Jun 2026, 19:06","22 Jun 2026, 20:26","DELOAD","Single Arm Cable Row",,"",1,"normal",51.25,6,,,
"Poniedziałek - Góra","22 Jun 2026, 19:06","22 Jun 2026, 20:26","DELOAD","Bicep Curl (Cable)",0,"",0,"normal",33.75,6,,,
"Poniedziałek - Góra","22 Jun 2026, 19:06","22 Jun 2026, 20:26","DELOAD","Bicep Curl (Cable)",0,"",1,"normal",33.75,6,,,
"Poniedziałek - Góra","22 Jun 2026, 19:06","22 Jun 2026, 20:26","DELOAD","Triceps Rope Pushdown",0,"",0,"normal",32.5,6,,,
"Poniedziałek - Góra","22 Jun 2026, 19:06","22 Jun 2026, 20:26","DELOAD","Triceps Rope Pushdown",0,"",1,"normal",32.5,6,,,
"Poniedziałek - Góra","22 Jun 2026, 19:06","22 Jun 2026, 20:26","DELOAD","Lateral Raise (Machine)",,"",0,"normal",60,7,,,
"Poniedziałek - Góra","22 Jun 2026, 19:06","22 Jun 2026, 20:26","DELOAD","Rear Delt Reverse Fly (Machine)",,"",0,"normal",22.5,9,,,
"Sobota - Nogi - Hipertrofia","20 Jun 2026, 13:58","20 Jun 2026, 15:36","","Pendulum Squat (Machine)",,"",0,"normal",106.7,10,,,
"Sobota - Nogi - Hipertrofia","20 Jun 2026, 13:58","20 Jun 2026, 15:36","","Pendulum Squat (Machine)",,"",1,"normal",111.7,8,,,
"Sobota - Nogi - Hipertrofia","20 Jun 2026, 13:58","20 Jun 2026, 15:36","","Pendulum Squat (Machine)",,"",2,"normal",116.7,5,,,
"Sobota - Nogi - Hipertrofia","20 Jun 2026, 13:58","20 Jun 2026, 15:36","","Single Leg Press (Machine)",,"",0,"normal",123,8,,,
"Sobota - Nogi - Hipertrofia","20 Jun 2026, 13:58","20 Jun 2026, 15:36","","Single Leg Press (Machine)",,"",1,"normal",133,8,,,
"Sobota - Nogi - Hipertrofia","20 Jun 2026, 13:58","20 Jun 2026, 15:36","","Single Leg Press (Machine)",,"",2,"normal",143,8,,,
"Sobota - Nogi - Hipertrofia","20 Jun 2026, 13:58","20 Jun 2026, 15:36","","Single Leg Extensions",,"",0,"normal",36.8,8,,,
"Sobota - Nogi - Hipertrofia","20 Jun 2026, 13:58","20 Jun 2026, 15:36","","Single Leg Extensions",,"",1,"normal",38.05,7,,,
"Sobota - Nogi - Hipertrofia","20 Jun 2026, 13:58","20 Jun 2026, 15:36","","Single Leg Extensions",,"",2,"normal",39.3,6,,,
"Sobota - Nogi - Hipertrofia","20 Jun 2026, 13:58","20 Jun 2026, 15:36","","Standing Leg Curls",,"",0,"normal",39.85,10,,,
"Sobota - Nogi - Hipertrofia","20 Jun 2026, 13:58","20 Jun 2026, 15:36","","Standing Leg Curls",,"",1,"normal",42.35,8,,,
"Sobota - Nogi - Hipertrofia","20 Jun 2026, 13:58","20 Jun 2026, 15:36","","Standing Leg Curls",,"",2,"normal",44.85,6,,,
"Sobota - Nogi - Hipertrofia","20 Jun 2026, 13:58","20 Jun 2026, 15:36","","Hanging Leg Raise",,"",0,"normal",,13,,,
"Sobota - Nogi - Hipertrofia","20 Jun 2026, 13:58","20 Jun 2026, 15:36","","Hanging Leg Raise",,"",1,"normal",,13,,,
"Sobota - Nogi - Hipertrofia","20 Jun 2026, 13:58","20 Jun 2026, 15:36","","Hanging Leg Raise",,"",2,"normal",,14,,,
"Sobota - Nogi - Hipertrofia","20 Jun 2026, 13:58","20 Jun 2026, 15:36","","Cable Crunch - Wyciąg Kapelanka - Na Podwyższeniu 15cm",,"",0,"normal",42.75,12,,,
"Sobota - Nogi - Hipertrofia","20 Jun 2026, 13:58","20 Jun 2026, 15:36","","Cable Crunch - Wyciąg Kapelanka - Na Podwyższeniu 15cm",,"",1,"normal",44.5,11,,,
"Sobota - Nogi - Hipertrofia","20 Jun 2026, 13:58","20 Jun 2026, 15:36","","Cable Crunch - Wyciąg Kapelanka - Na Podwyższeniu 15cm",,"",2,"normal",44.5,11,,,
"Piątek - Barki i łapy","19 Jun 2026, 19:00","19 Jun 2026, 20:56","","Overhead Press (Smith Machine)",,"",0,"normal",62.5,11,,,
"Piątek - Barki i łapy","19 Jun 2026, 19:00","19 Jun 2026, 20:56","","Overhead Press (Smith Machine)",,"",1,"normal",67.5,9,,,
"Piątek - Barki i łapy","19 Jun 2026, 19:00","19 Jun 2026, 20:56","","Overhead Press (Smith Machine)",,"",2,"normal",72.5,6,,,
"Piątek - Barki i łapy","19 Jun 2026, 19:00","19 Jun 2026, 20:56","","Overhead Press (Smith Machine)",,"",3,"normal",77.5,4,,,
"Piątek - Barki i łapy","19 Jun 2026, 19:00","19 Jun 2026, 20:56","","Lateral Raise (Dumbbell)",,"",0,"normal",15,14,,,
"Piątek - Barki i łapy","19 Jun 2026, 19:00","19 Jun 2026, 20:56","","Lateral Raise (Dumbbell)",,"",1,"normal",17.5,9,,,
"Piątek - Barki i łapy","19 Jun 2026, 19:00","19 Jun 2026, 20:56","","Single Arm Lateral Raise (Cable)",,"",0,"normal",10,9,,,
"Piątek - Barki i łapy","19 Jun 2026, 19:00","19 Jun 2026, 20:56","","Single Arm Lateral Raise (Cable)",,"",1,"normal",11.25,6,,,
"Piątek - Barki i łapy","19 Jun 2026, 19:00","19 Jun 2026, 20:56","","Face Pull",,"",0,"normal",27.5,12,,,
"Piątek - Barki i łapy","19 Jun 2026, 19:00","19 Jun 2026, 20:56","","Face Pull",,"",1,"normal",27.5,12,,,
"Piątek - Barki i łapy","19 Jun 2026, 19:00","19 Jun 2026, 20:56","","Face Pull",,"",2,"normal",28.75,10,,,
"Piątek - Barki i łapy","19 Jun 2026, 19:00","19 Jun 2026, 20:56","","Face Pull",,"",3,"normal",28.75,10,,,
"Piątek - Barki i łapy","19 Jun 2026, 19:00","19 Jun 2026, 20:56","","Preacher Curl (Machine)",,"",0,"normal",51.25,8,,,
"Piątek - Barki i łapy","19 Jun 2026, 19:00","19 Jun 2026, 20:56","","Preacher Curl (Machine)",,"",1,"normal",53.75,6,,,
"Piątek - Barki i łapy","19 Jun 2026, 19:00","19 Jun 2026, 20:56","","Preacher Curl (Machine)",,"",2,"normal",56.25,5,,,
"Piątek - Barki i łapy","19 Jun 2026, 19:00","19 Jun 2026, 20:56","","Skullcrusher (Barbell)",,"",0,"normal",49,8,,,
"Piątek - Barki i łapy","19 Jun 2026, 19:00","19 Jun 2026, 20:56","","Skullcrusher (Barbell)",,"",1,"normal",51.5,6,,,
"Piątek - Barki i łapy","19 Jun 2026, 19:00","19 Jun 2026, 20:56","","Skullcrusher (Barbell)",,"",2,"normal",51.5,6,,,
"Piątek - Barki i łapy","19 Jun 2026, 19:00","19 Jun 2026, 20:56","","Seated Incline Curl (Dumbbell)",0,"",0,"normal",17.5,10,,,
"Piątek - Barki i łapy","19 Jun 2026, 19:00","19 Jun 2026, 20:56","","Seated Incline Curl (Dumbbell)",0,"",1,"normal",20,6,,,
"Piątek - Barki i łapy","19 Jun 2026, 19:00","19 Jun 2026, 20:56","","Seated Incline Curl (Dumbbell)",0,"",2,"normal",20,5,,,
"Piątek - Barki i łapy","19 Jun 2026, 19:00","19 Jun 2026, 20:56","","Triceps Rope Pushdown",0,"",0,"normal",30,10,,,
"Piątek - Barki i łapy","19 Jun 2026, 19:00","19 Jun 2026, 20:56","","Triceps Rope Pushdown",0,"",1,"normal",32.5,8,,,
"Piątek - Barki i łapy","19 Jun 2026, 19:00","19 Jun 2026, 20:56","","Triceps Rope Pushdown",0,"",2,"normal",35,6,,,
"Piątek - Barki i łapy","19 Jun 2026, 19:00","19 Jun 2026, 20:56","","Hammer Curl (Cable)",1,"",0,"normal",37.5,9,,,
"Piątek - Barki i łapy","19 Jun 2026, 19:00","19 Jun 2026, 20:56","","Single Arm Triceps Pushdown (Cable)",1,"",0,"normal",15,8,,,
"Czwartek - Góra - Hipertrofia","18 Jun 2026, 18:38","18 Jun 2026, 20:36","","Bench Press (Barbell) Hipertrofia",,"",0,"normal",92.5,11,,,
"Czwartek - Góra - Hipertrofia","18 Jun 2026, 18:38","18 Jun 2026, 20:36","","Bench Press (Barbell) Hipertrofia",,"",1,"normal",95,9,,,
"Czwartek - Góra - Hipertrofia","18 Jun 2026, 18:38","18 Jun 2026, 20:36","","Bench Press (Barbell) Hipertrofia",,"",2,"normal",97.5,8,,,
"Czwartek - Góra - Hipertrofia","18 Jun 2026, 18:38","18 Jun 2026, 20:36","","Lat Pulldown (Cable)",,"",0,"normal",89,12,,,
"Czwartek - Góra - Hipertrofia","18 Jun 2026, 18:38","18 Jun 2026, 20:36","","Lat Pulldown (Cable)",,"",1,"normal",92.5,10,,,
"Czwartek - Góra - Hipertrofia","18 Jun 2026, 18:38","18 Jun 2026, 20:36","","Lat Pulldown (Cable)",,"",2,"normal",96,8,,,
"Czwartek - Góra - Hipertrofia","18 Jun 2026, 18:38","18 Jun 2026, 20:36","","Lat Pulldown (Cable)",,"",3,"normal",99.5,7,,,
"Czwartek - Góra - Hipertrofia","18 Jun 2026, 18:38","18 Jun 2026, 20:36","","Incline Chest Press (Machine)",,"",0,"normal",105,10,,,
"Czwartek - Góra - Hipertrofia","18 Jun 2026, 18:38","18 Jun 2026, 20:36","","Incline Chest Press (Machine)",,"",1,"normal",110,9,,,
"Czwartek - Góra - Hipertrofia","18 Jun 2026, 18:38","18 Jun 2026, 20:36","","Incline Chest Press (Machine)",,"",2,"normal",115,7,,,
"Czwartek - Góra - Hipertrofia","18 Jun 2026, 18:38","18 Jun 2026, 20:36","","Incline Chest Press (Machine)",,"",3,"normal",120,5,,,
"Czwartek - Góra - Hipertrofia","18 Jun 2026, 18:38","18 Jun 2026, 20:36","","Iso-Lateral High Row (Machine)",,"",0,"normal",110,10,,,
"Czwartek - Góra - Hipertrofia","18 Jun 2026, 18:38","18 Jun 2026, 20:36","","Iso-Lateral High Row (Machine)",,"",1,"normal",120,10,,,
"Czwartek - Góra - Hipertrofia","18 Jun 2026, 18:38","18 Jun 2026, 20:36","","Iso-Lateral High Row (Machine)",,"",2,"normal",130,10,,,
"Czwartek - Góra - Hipertrofia","18 Jun 2026, 18:38","18 Jun 2026, 20:36","","Butterfly (Pec Deck)",,"",0,"normal",108,11,,,
"Czwartek - Góra - Hipertrofia","18 Jun 2026, 18:38","18 Jun 2026, 20:36","","Butterfly (Pec Deck)",,"",1,"normal",110,9,,,
"Czwartek - Góra - Hipertrofia","18 Jun 2026, 18:38","18 Jun 2026, 20:36","","Butterfly (Pec Deck)",,"",2,"normal",112.5,7,,,
"Czwartek - Góra - Hipertrofia","18 Jun 2026, 18:38","18 Jun 2026, 20:36","","Pullover (Machine)",,"",0,"normal",90,12,,,
"Czwartek - Góra - Hipertrofia","18 Jun 2026, 18:38","18 Jun 2026, 20:36","","Pullover (Machine)",,"",1,"normal",95,11,,,
"Czwartek - Góra - Hipertrofia","18 Jun 2026, 18:38","18 Jun 2026, 20:36","","Pullover (Machine)",,"",2,"normal",100,10,,,
"Środa - Dzień cardio","17 Jun 2026, 18:28","17 Jun 2026, 19:08","","Treadmill",,"",0,"normal",,,3,2400,
"Wtorek - Dół","16 Jun 2026, 19:07","16 Jun 2026, 21:01","","Warm Up",,"",0,"normal",,,,840,
"Wtorek - Dół","16 Jun 2026, 19:07","16 Jun 2026, 21:01","","Front Squat",,"",0,"normal",102.5,5,,,
"Wtorek - Dół","16 Jun 2026, 19:07","16 Jun 2026, 21:01","","Front Squat",,"",1,"normal",107.5,4,,,
"Wtorek - Dół","16 Jun 2026, 19:07","16 Jun 2026, 21:01","","Front Squat",,"",2,"normal",112.5,3,,,
"Wtorek - Dół","16 Jun 2026, 19:07","16 Jun 2026, 21:01","","Romanian Deadlift (Barbell)",,"",0,"normal",127.5,9,,,
"Wtorek - Dół","16 Jun 2026, 19:07","16 Jun 2026, 21:01","","Romanian Deadlift (Barbell)",,"",1,"normal",137.5,7,,,
"Wtorek - Dół","16 Jun 2026, 19:07","16 Jun 2026, 21:01","","Romanian Deadlift (Barbell)",,"",2,"normal",150,4,,,
"Wtorek - Dół","16 Jun 2026, 19:07","16 Jun 2026, 21:01","","Hack Squat (Machine)",,"",0,"normal",130,8,,,
"Wtorek - Dół","16 Jun 2026, 19:07","16 Jun 2026, 21:01","","Hack Squat (Machine)",,"",1,"normal",137.5,7,,,
"Wtorek - Dół","16 Jun 2026, 19:07","16 Jun 2026, 21:01","","Hack Squat (Machine)",,"",2,"normal",142.5,5,,,
"Wtorek - Dół","16 Jun 2026, 19:07","16 Jun 2026, 21:01","","Leg Extension (Machine)",,"",0,"normal",82.5,11,,,
"Wtorek - Dół","16 Jun 2026, 19:07","16 Jun 2026, 21:01","","Leg Extension (Machine)",,"",1,"normal",85,10,,,
"Wtorek - Dół","16 Jun 2026, 19:07","16 Jun 2026, 21:01","","Leg Extension (Machine)",,"",2,"normal",87.5,10,,,
"Wtorek - Dół","16 Jun 2026, 19:07","16 Jun 2026, 21:01","","Lying Leg Curl (Machine)",,"",0,"normal",52.5,10,,,
"Wtorek - Dół","16 Jun 2026, 19:07","16 Jun 2026, 21:01","","Lying Leg Curl (Machine)",,"",1,"normal",55,8,,,
"Wtorek - Dół","16 Jun 2026, 19:07","16 Jun 2026, 21:01","","Lying Leg Curl (Machine)",,"",2,"normal",55,8,,,
"Wtorek - Dół","16 Jun 2026, 19:07","16 Jun 2026, 21:01","","Hip Adduction (Machine)",,"",0,"normal",100,10,,,
"Wtorek - Dół","16 Jun 2026, 19:07","16 Jun 2026, 21:01","","Hip Adduction (Machine)",,"",1,"normal",100,10,,,
"Wtorek - Dół","16 Jun 2026, 19:07","16 Jun 2026, 21:01","","Cable Crunch",,"",0,"normal",50,13,,,
"Wtorek - Dół","16 Jun 2026, 19:07","16 Jun 2026, 21:01","","Cable Crunch",,"",1,"normal",51.25,12,,,
"Wtorek - Dół","16 Jun 2026, 19:07","16 Jun 2026, 21:01","","Cable Crunch",,"",2,"normal",52.5,10,,,
"Wtorek - Dół","16 Jun 2026, 19:07","16 Jun 2026, 21:01","","Cable Core Pallof Press",,"",0,"normal",20,9,,,
"Wtorek - Dół","16 Jun 2026, 19:07","16 Jun 2026, 21:01","","Cable Core Pallof Press",,"",1,"normal",21.25,8,,,
"Poniedziałek - Góra","15 Jun 2026, 19:06","15 Jun 2026, 21:51","","Bench Press (Barbell)",,"",0,"normal",100,7,,,
"Poniedziałek - Góra","15 Jun 2026, 19:06","15 Jun 2026, 21:51","","Bench Press (Barbell)",,"",1,"normal",100,8,,,
"Poniedziałek - Góra","15 Jun 2026, 19:06","15 Jun 2026, 21:51","","Bench Press (Barbell)",,"",2,"normal",102.5,5,,,
"Poniedziałek - Góra","15 Jun 2026, 19:06","15 Jun 2026, 21:51","","Bench Press (Barbell)",,"",3,"normal",102.5,5,,,
"Poniedziałek - Góra","15 Jun 2026, 19:06","15 Jun 2026, 21:51","","Pull Up",,"",0,"normal",,9,,,
"Poniedziałek - Góra","15 Jun 2026, 19:06","15 Jun 2026, 21:51","","Pull Up",,"",1,"normal",,8,,,
"Poniedziałek - Góra","15 Jun 2026, 19:06","15 Jun 2026, 21:51","","Pull Up",,"",2,"normal",,8,,,
"Poniedziałek - Góra","15 Jun 2026, 19:06","15 Jun 2026, 21:51","","Pull Up",,"",3,"normal",,8,,,
"Poniedziałek - Góra","15 Jun 2026, 19:06","15 Jun 2026, 21:51","","Incline Bench Press (Smith Machine)",,"",0,"normal",75,11,,,
"Poniedziałek - Góra","15 Jun 2026, 19:06","15 Jun 2026, 21:51","","Incline Bench Press (Smith Machine)",,"",1,"normal",80,7,,,
"Poniedziałek - Góra","15 Jun 2026, 19:06","15 Jun 2026, 21:51","","Incline Bench Press (Smith Machine)",,"",2,"normal",82.5,6,,,
"Poniedziałek - Góra","15 Jun 2026, 19:06","15 Jun 2026, 21:51","","Dumbbell Row",,"",0,"normal",55,10,,,
"Poniedziałek - Góra","15 Jun 2026, 19:06","15 Jun 2026, 21:51","","Dumbbell Row",,"",1,"normal",55,11,,,
"Poniedziałek - Góra","15 Jun 2026, 19:06","15 Jun 2026, 21:51","","Dumbbell Row",,"",2,"normal",55,12,,,
"Poniedziałek - Góra","15 Jun 2026, 19:06","15 Jun 2026, 21:51","","Low Cable Fly Crossovers",,"",0,"normal",16.25,10,,,
"Poniedziałek - Góra","15 Jun 2026, 19:06","15 Jun 2026, 21:51","","Low Cable Fly Crossovers",,"",1,"normal",16.25,10,,,
"Poniedziałek - Góra","15 Jun 2026, 19:06","15 Jun 2026, 21:51","","Low Cable Fly Crossovers",,"",2,"normal",17.5,7,,,
"Poniedziałek - Góra","15 Jun 2026, 19:06","15 Jun 2026, 21:51","","Single Arm Cable Row",,"",0,"normal",47.5,10,,,
"Poniedziałek - Góra","15 Jun 2026, 19:06","15 Jun 2026, 21:51","","Single Arm Cable Row",,"",1,"normal",50,9,,,
"Poniedziałek - Góra","15 Jun 2026, 19:06","15 Jun 2026, 21:51","","Single Arm Cable Row",,"",2,"normal",51.25,8,,,
"Poniedziałek - Góra","15 Jun 2026, 19:06","15 Jun 2026, 21:51","","Bicep Curl (Cable)",0,"",0,"normal",32.5,9,,,
"Poniedziałek - Góra","15 Jun 2026, 19:06","15 Jun 2026, 21:51","","Bicep Curl (Cable)",0,"",1,"normal",33.75,8,,,
"Poniedziałek - Góra","15 Jun 2026, 19:06","15 Jun 2026, 21:51","","Triceps Rope Pushdown",0,"",0,"normal",32.5,8,,,
"Poniedziałek - Góra","15 Jun 2026, 19:06","15 Jun 2026, 21:51","","Triceps Rope Pushdown",0,"",1,"normal",33.75,7,,,
"Poniedziałek - Góra","15 Jun 2026, 19:06","15 Jun 2026, 21:51","","Lateral Raise (Machine)",,"",0,"normal",60,9,,,
"Poniedziałek - Góra","15 Jun 2026, 19:06","15 Jun 2026, 21:51","","Lateral Raise (Machine)",,"",1,"normal",60,9,,,
"Poniedziałek - Góra","15 Jun 2026, 19:06","15 Jun 2026, 21:51","","Rear Delt Reverse Fly (Machine)",,"",0,"normal",22.5,11,,,
"Poniedziałek - Góra","15 Jun 2026, 19:06","15 Jun 2026, 21:51","","Rear Delt Reverse Fly (Machine)",,"",1,"normal",22.5,11,,,
"Sobota - Nogi - Hipertrofia","13 Jun 2026, 16:31","13 Jun 2026, 18:12","","Pendulum Squat (Machine)",,"",0,"normal",104.2,10,,,
"Sobota - Nogi - Hipertrofia","13 Jun 2026, 16:31","13 Jun 2026, 18:12","","Pendulum Squat (Machine)",,"",1,"normal",109.2,8,,,
"Sobota - Nogi - Hipertrofia","13 Jun 2026, 16:31","13 Jun 2026, 18:12","","Pendulum Squat (Machine)",,"",2,"normal",114.2,6,,,
"Sobota - Nogi - Hipertrofia","13 Jun 2026, 16:31","13 Jun 2026, 18:12","","Single Leg Press (Machine)",,"",0,"normal",118,8,,,
"Sobota - Nogi - Hipertrofia","13 Jun 2026, 16:31","13 Jun 2026, 18:12","","Single Leg Press (Machine)",,"",1,"normal",128,8,,,
"Sobota - Nogi - Hipertrofia","13 Jun 2026, 16:31","13 Jun 2026, 18:12","","Single Leg Press (Machine)",,"",2,"normal",138,8,,,
"Sobota - Nogi - Hipertrofia","13 Jun 2026, 16:31","13 Jun 2026, 18:12","","Single Leg Extensions",,"",0,"normal",35.55,8,,,
"Sobota - Nogi - Hipertrofia","13 Jun 2026, 16:31","13 Jun 2026, 18:12","","Single Leg Extensions",,"",1,"normal",36.8,7,,,
"Sobota - Nogi - Hipertrofia","13 Jun 2026, 16:31","13 Jun 2026, 18:12","","Single Leg Extensions",,"",2,"normal",38.05,6,,,
"Sobota - Nogi - Hipertrofia","13 Jun 2026, 16:31","13 Jun 2026, 18:12","","Standing Leg Curls",,"",0,"normal",38.6,10,,,
"Sobota - Nogi - Hipertrofia","13 Jun 2026, 16:31","13 Jun 2026, 18:12","","Standing Leg Curls",,"",1,"normal",41.1,8,,,
"Sobota - Nogi - Hipertrofia","13 Jun 2026, 16:31","13 Jun 2026, 18:12","","Standing Leg Curls",,"",2,"normal",43.6,6,,,
"Sobota - Nogi - Hipertrofia","13 Jun 2026, 16:31","13 Jun 2026, 18:12","","Hanging Leg Raise",,"Mniejsza bujanka",0,"normal",,13,,,
"Sobota - Nogi - Hipertrofia","13 Jun 2026, 16:31","13 Jun 2026, 18:12","","Hanging Leg Raise",,"Mniejsza bujanka",1,"normal",,13,,,
"Sobota - Nogi - Hipertrofia","13 Jun 2026, 16:31","13 Jun 2026, 18:12","","Hanging Leg Raise",,"Mniejsza bujanka",2,"normal",,12,,,
"Sobota - Nogi - Hipertrofia","13 Jun 2026, 16:31","13 Jun 2026, 18:12","","Cable Crunch - Wyciąg Kapelanka - Na Podwyższeniu 15cm",,"",0,"normal",42.75,11,,,
"Sobota - Nogi - Hipertrofia","13 Jun 2026, 16:31","13 Jun 2026, 18:12","","Cable Crunch - Wyciąg Kapelanka - Na Podwyższeniu 15cm",,"",1,"normal",42.75,11,,,
"Sobota - Nogi - Hipertrofia","13 Jun 2026, 16:31","13 Jun 2026, 18:12","","Cable Crunch - Wyciąg Kapelanka - Na Podwyższeniu 15cm",,"",2,"normal",44.5,10,,,
"Piątek - Barki i łapy","12 Jun 2026, 12:59","12 Jun 2026, 14:40","","Overhead Press (Smith Machine)",,"",0,"normal",62.5,10,,,
"Piątek - Barki i łapy","12 Jun 2026, 12:59","12 Jun 2026, 14:40","","Overhead Press (Smith Machine)",,"",1,"normal",67.5,8,,,
"Piątek - Barki i łapy","12 Jun 2026, 12:59","12 Jun 2026, 14:40","","Overhead Press (Smith Machine)",,"",2,"normal",72.5,6,,,
"Piątek - Barki i łapy","12 Jun 2026, 12:59","12 Jun 2026, 14:40","","Overhead Press (Smith Machine)",,"",3,"normal",77.5,3,,,
"Piątek - Barki i łapy","12 Jun 2026, 12:59","12 Jun 2026, 14:40","","Lateral Raise (Dumbbell)",,"",0,"normal",15,13,,,
"Piątek - Barki i łapy","12 Jun 2026, 12:59","12 Jun 2026, 14:40","","Lateral Raise (Dumbbell)",,"",1,"normal",17.5,8,,,
"Piątek - Barki i łapy","12 Jun 2026, 12:59","12 Jun 2026, 14:40","","Single Arm Lateral Raise (Cable)",,"",0,"normal",10,8,,,
"Piątek - Barki i łapy","12 Jun 2026, 12:59","12 Jun 2026, 14:40","","Single Arm Lateral Raise (Cable)",,"",1,"normal",10,8,,,
"Piątek - Barki i łapy","12 Jun 2026, 12:59","12 Jun 2026, 14:40","","Face Pull",,"",0,"normal",26.25,12,,,
"Piątek - Barki i łapy","12 Jun 2026, 12:59","12 Jun 2026, 14:40","","Face Pull",,"",1,"normal",26.25,12,,,
"Piątek - Barki i łapy","12 Jun 2026, 12:59","12 Jun 2026, 14:40","","Face Pull",,"",2,"normal",27.5,11,,,
"Piątek - Barki i łapy","12 Jun 2026, 12:59","12 Jun 2026, 14:40","","Face Pull",,"",3,"normal",27.5,11,,,
"Piątek - Barki i łapy","12 Jun 2026, 12:59","12 Jun 2026, 14:40","","Preacher Curl (Machine)",,"",0,"normal",51.25,8,,,
"Piątek - Barki i łapy","12 Jun 2026, 12:59","12 Jun 2026, 14:40","","Preacher Curl (Machine)",,"",1,"normal",53.75,6,,,
"Piątek - Barki i łapy","12 Jun 2026, 12:59","12 Jun 2026, 14:40","","Preacher Curl (Machine)",,"",2,"normal",56.25,4,,,
"Piątek - Barki i łapy","12 Jun 2026, 12:59","12 Jun 2026, 14:40","","Skullcrusher (Barbell)",,"",0,"normal",49,8,,,
"Piątek - Barki i łapy","12 Jun 2026, 12:59","12 Jun 2026, 14:40","","Skullcrusher (Barbell)",,"",1,"normal",49,8,,,
"Piątek - Barki i łapy","12 Jun 2026, 12:59","12 Jun 2026, 14:40","","Skullcrusher (Barbell)",,"",2,"normal",51.5,5,,,
"Piątek - Barki i łapy","12 Jun 2026, 12:59","12 Jun 2026, 14:40","","Seated Incline Curl (Dumbbell)",0,"",0,"normal",17.5,10,,,
"Piątek - Barki i łapy","12 Jun 2026, 12:59","12 Jun 2026, 14:40","","Seated Incline Curl (Dumbbell)",0,"",1,"normal",17.5,8,,,
"Piątek - Barki i łapy","12 Jun 2026, 12:59","12 Jun 2026, 14:40","","Seated Incline Curl (Dumbbell)",0,"",2,"normal",20,5,,,
"Piątek - Barki i łapy","12 Jun 2026, 12:59","12 Jun 2026, 14:40","","Triceps Pushdown",0,"",0,"normal",46.25,9,,,
"Piątek - Barki i łapy","12 Jun 2026, 12:59","12 Jun 2026, 14:40","","Triceps Pushdown",0,"",1,"normal",47.5,7,,,
"Piątek - Barki i łapy","12 Jun 2026, 12:59","12 Jun 2026, 14:40","","Triceps Pushdown",0,"",2,"normal",48.75,5,,,
"Piątek - Barki i łapy","12 Jun 2026, 12:59","12 Jun 2026, 14:40","","Hammer Curl (Cable)",1,"",0,"normal",37.5,9,,,
"Piątek - Barki i łapy","12 Jun 2026, 12:59","12 Jun 2026, 14:40","","Single Arm Triceps Pushdown (Cable)",1,"",0,"normal",15,8,,,
"Czwartek - Góra - Hipertrofia","11 Jun 2026, 18:34","11 Jun 2026, 20:55","","Bench Press (Barbell) Hipertrofia",,"",0,"normal",92.5,11,,,
"Czwartek - Góra - Hipertrofia","11 Jun 2026, 18:34","11 Jun 2026, 20:55","","Bench Press (Barbell) Hipertrofia",,"",1,"normal",95,9,,,
"Czwartek - Góra - Hipertrofia","11 Jun 2026, 18:34","11 Jun 2026, 20:55","","Bench Press (Barbell) Hipertrofia",,"",2,"normal",95,9,,,
"Czwartek - Góra - Hipertrofia","11 Jun 2026, 18:34","11 Jun 2026, 20:55","","Lat Pulldown (Cable)",,"",0,"normal",89,11,,,
"Czwartek - Góra - Hipertrofia","11 Jun 2026, 18:34","11 Jun 2026, 20:55","","Lat Pulldown (Cable)",,"",1,"normal",92.5,9,,,
"Czwartek - Góra - Hipertrofia","11 Jun 2026, 18:34","11 Jun 2026, 20:55","","Lat Pulldown (Cable)",,"",2,"normal",92.5,9,,,
"Czwartek - Góra - Hipertrofia","11 Jun 2026, 18:34","11 Jun 2026, 20:55","","Lat Pulldown (Cable)",,"",3,"normal",96,8,,,
"Czwartek - Góra - Hipertrofia","11 Jun 2026, 18:34","11 Jun 2026, 20:55","","Incline Chest Press (Machine)",,"",0,"normal",102.5,10,,,
"Czwartek - Góra - Hipertrofia","11 Jun 2026, 18:34","11 Jun 2026, 20:55","","Incline Chest Press (Machine)",,"",1,"normal",107.5,9,,,
"Czwartek - Góra - Hipertrofia","11 Jun 2026, 18:34","11 Jun 2026, 20:55","","Incline Chest Press (Machine)",,"",2,"normal",112.5,7,,,
"Czwartek - Góra - Hipertrofia","11 Jun 2026, 18:34","11 Jun 2026, 20:55","","Incline Chest Press (Machine)",,"",3,"normal",117.5,6,,,
"Czwartek - Góra - Hipertrofia","11 Jun 2026, 18:34","11 Jun 2026, 20:55","","Iso-Lateral High Row (Machine)",,"",0,"normal",105,10,,,
"Czwartek - Góra - Hipertrofia","11 Jun 2026, 18:34","11 Jun 2026, 20:55","","Iso-Lateral High Row (Machine)",,"",1,"normal",115,10,,,
"Czwartek - Góra - Hipertrofia","11 Jun 2026, 18:34","11 Jun 2026, 20:55","","Iso-Lateral High Row (Machine)",,"",2,"normal",125,10,,,
"Czwartek - Góra - Hipertrofia","11 Jun 2026, 18:34","11 Jun 2026, 20:55","","Butterfly (Pec Deck)",,"",0,"normal",105.5,11,,,
"Czwartek - Góra - Hipertrofia","11 Jun 2026, 18:34","11 Jun 2026, 20:55","","Butterfly (Pec Deck)",,"",1,"normal",108,9,,,
"Czwartek - Góra - Hipertrofia","11 Jun 2026, 18:34","11 Jun 2026, 20:55","","Butterfly (Pec Deck)",,"",2,"normal",110,9,,,
"Czwartek - Góra - Hipertrofia","11 Jun 2026, 18:34","11 Jun 2026, 20:55","","Pullover (Machine)",,"",0,"normal",87.5,12,,,
"Czwartek - Góra - Hipertrofia","11 Jun 2026, 18:34","11 Jun 2026, 20:55","","Pullover (Machine)",,"",1,"normal",92.5,11,,,
"Czwartek - Góra - Hipertrofia","11 Jun 2026, 18:34","11 Jun 2026, 20:55","","Pullover (Machine)",,"",2,"normal",100,9,,,
"Środa - Dzień cardio","10 Jun 2026, 18:31","10 Jun 2026, 19:16","","Treadmill",,"",0,"normal",,,3.36,2700,
"Wtorek - Dół","9 Jun 2026, 19:13","9 Jun 2026, 21:23","","Warm Up",,"",0,"normal",,,,780,
"Wtorek - Dół","9 Jun 2026, 19:13","9 Jun 2026, 21:23","","Front Squat",,"",0,"normal",102.5,6,,,
"Wtorek - Dół","9 Jun 2026, 19:13","9 Jun 2026, 21:23","","Front Squat",,"",1,"normal",107.5,4,,,
"Wtorek - Dół","9 Jun 2026, 19:13","9 Jun 2026, 21:23","","Front Squat",,"",2,"normal",112.5,3,,,
"Wtorek - Dół","9 Jun 2026, 19:13","9 Jun 2026, 21:23","","Romanian Deadlift (Barbell)",,"",0,"normal",125,9,,,
"Wtorek - Dół","9 Jun 2026, 19:13","9 Jun 2026, 21:23","","Romanian Deadlift (Barbell)",,"",1,"normal",137.5,7,,,
"Wtorek - Dół","9 Jun 2026, 19:13","9 Jun 2026, 21:23","","Romanian Deadlift (Barbell)",,"",2,"normal",147.5,5,,,
"Wtorek - Dół","9 Jun 2026, 19:13","9 Jun 2026, 21:23","","Hack Squat (Machine)",,"",0,"normal",135,8,,,
"Wtorek - Dół","9 Jun 2026, 19:13","9 Jun 2026, 21:23","","Hack Squat (Machine)",,"",1,"normal",137.5,7,,,
"Wtorek - Dół","9 Jun 2026, 19:13","9 Jun 2026, 21:23","","Hack Squat (Machine)",,"",2,"normal",140,6,,,
"Wtorek - Dół","9 Jun 2026, 19:13","9 Jun 2026, 21:23","","Leg Extension (Machine)",,"",0,"normal",80,11,,,
"Wtorek - Dół","9 Jun 2026, 19:13","9 Jun 2026, 21:23","","Leg Extension (Machine)",,"",1,"normal",82.5,10,,,
"Wtorek - Dół","9 Jun 2026, 19:13","9 Jun 2026, 21:23","","Leg Extension (Machine)",,"",2,"normal",85,10,,,
"Wtorek - Dół","9 Jun 2026, 19:13","9 Jun 2026, 21:23","","Lying Leg Curl (Machine)",,"",0,"normal",50,11,,,
"Wtorek - Dół","9 Jun 2026, 19:13","9 Jun 2026, 21:23","","Lying Leg Curl (Machine)",,"",1,"normal",52.5,9,,,
"Wtorek - Dół","9 Jun 2026, 19:13","9 Jun 2026, 21:23","","Lying Leg Curl (Machine)",,"",2,"normal",55,8,,,
"Wtorek - Dół","9 Jun 2026, 19:13","9 Jun 2026, 21:23","","Hip Adduction (Machine)",,"",0,"normal",95,11,,,
"Wtorek - Dół","9 Jun 2026, 19:13","9 Jun 2026, 21:23","","Hip Adduction (Machine)",,"",1,"normal",100,9,,,
"Wtorek - Dół","9 Jun 2026, 19:13","9 Jun 2026, 21:23","","Cable Crunch",,"",0,"normal",50,12,,,
"Wtorek - Dół","9 Jun 2026, 19:13","9 Jun 2026, 21:23","","Cable Crunch",,"",1,"normal",51.25,11,,,
"Wtorek - Dół","9 Jun 2026, 19:13","9 Jun 2026, 21:23","","Cable Crunch",,"",2,"normal",52.5,10,,,
"Wtorek - Dół","9 Jun 2026, 19:13","9 Jun 2026, 21:23","","Cable Core Pallof Press",,"",0,"normal",20,8,,,
"Wtorek - Dół","9 Jun 2026, 19:13","9 Jun 2026, 21:23","","Cable Core Pallof Press",,"",1,"normal",20,9,,,
"Poniedziałek - Góra","8 Jun 2026, 18:59","8 Jun 2026, 21:20","","Bench Press (Barbell)",,"",0,"normal",100,8,,,
"Poniedziałek - Góra","8 Jun 2026, 18:59","8 Jun 2026, 21:20","","Bench Press (Barbell)",,"",1,"normal",102.5,6,,,
"Poniedziałek - Góra","8 Jun 2026, 18:59","8 Jun 2026, 21:20","","Bench Press (Barbell)",,"",2,"normal",102.5,5,,,
"Poniedziałek - Góra","8 Jun 2026, 18:59","8 Jun 2026, 21:20","","Bench Press (Barbell)",,"",3,"normal",102.5,5,,,
"Poniedziałek - Góra","8 Jun 2026, 18:59","8 Jun 2026, 21:20","","Pull Up",,"",0,"normal",,9,,,
"Poniedziałek - Góra","8 Jun 2026, 18:59","8 Jun 2026, 21:20","","Pull Up",,"",1,"normal",,8,,,
"Poniedziałek - Góra","8 Jun 2026, 18:59","8 Jun 2026, 21:20","","Pull Up",,"",2,"normal",,8,,,
"Poniedziałek - Góra","8 Jun 2026, 18:59","8 Jun 2026, 21:20","","Pull Up",,"",3,"normal",,7,,,
"Poniedziałek - Góra","8 Jun 2026, 18:59","8 Jun 2026, 21:20","","Incline Bench Press (Smith Machine)",,"",0,"normal",75,10,,,
"Poniedziałek - Góra","8 Jun 2026, 18:59","8 Jun 2026, 21:20","","Incline Bench Press (Smith Machine)",,"",1,"normal",80,6,,,
"Poniedziałek - Góra","8 Jun 2026, 18:59","8 Jun 2026, 21:20","","Incline Bench Press (Smith Machine)",,"",2,"normal",80,7,,,
"Poniedziałek - Góra","8 Jun 2026, 18:59","8 Jun 2026, 21:20","","Dumbbell Row",,"",0,"normal",55,8,,,
"Poniedziałek - Góra","8 Jun 2026, 18:59","8 Jun 2026, 21:20","","Dumbbell Row",,"",1,"normal",55,9,,,
"Poniedziałek - Góra","8 Jun 2026, 18:59","8 Jun 2026, 21:20","","Dumbbell Row",,"",2,"normal",55,10,,,
"Poniedziałek - Góra","8 Jun 2026, 18:59","8 Jun 2026, 21:20","","Low Cable Fly Crossovers",,"",0,"normal",15,12,,,
"Poniedziałek - Góra","8 Jun 2026, 18:59","8 Jun 2026, 21:20","","Low Cable Fly Crossovers",,"",1,"normal",16.25,9,,,
"Poniedziałek - Góra","8 Jun 2026, 18:59","8 Jun 2026, 21:20","","Low Cable Fly Crossovers",,"",2,"normal",16.25,9,,,
"Poniedziałek - Góra","8 Jun 2026, 18:59","8 Jun 2026, 21:20","","Single Arm Cable Row",,"",0,"normal",46.25,10,,,
"Poniedziałek - Góra","8 Jun 2026, 18:59","8 Jun 2026, 21:20","","Single Arm Cable Row",,"",1,"normal",48.75,9,,,
"Poniedziałek - Góra","8 Jun 2026, 18:59","8 Jun 2026, 21:20","","Single Arm Cable Row",,"",2,"normal",51.25,8,,,
"Poniedziałek - Góra","8 Jun 2026, 18:59","8 Jun 2026, 21:20","","Bicep Curl (Cable)",0,"",0,"normal",32.5,8,,,
"Poniedziałek - Góra","8 Jun 2026, 18:59","8 Jun 2026, 21:20","","Bicep Curl (Cable)",0,"",1,"normal",32.5,8,,,
"Poniedziałek - Góra","8 Jun 2026, 18:59","8 Jun 2026, 21:20","","Triceps Rope Pushdown",0,"",0,"normal",32.5,8,,,
"Poniedziałek - Góra","8 Jun 2026, 18:59","8 Jun 2026, 21:20","","Triceps Rope Pushdown",0,"",1,"normal",32.5,8,,,
"Poniedziałek - Góra","8 Jun 2026, 18:59","8 Jun 2026, 21:20","","Lateral Raise (Machine)",,"",0,"normal",60,9,,,
"Poniedziałek - Góra","8 Jun 2026, 18:59","8 Jun 2026, 21:20","","Lateral Raise (Machine)",,"",1,"normal",60,8,,,
"Poniedziałek - Góra","8 Jun 2026, 18:59","8 Jun 2026, 21:20","","Rear Delt Reverse Fly (Machine)",,"",0,"normal",22.5,11,,,
"Poniedziałek - Góra","8 Jun 2026, 18:59","8 Jun 2026, 21:20","","Rear Delt Reverse Fly (Machine)",,"",1,"normal",22.5,10,,,
"Piątek - Barki i łapy","5 Jun 2026, 18:54","5 Jun 2026, 20:42","","Overhead Press (Smith Machine)",,"Bez gryfu liczymy - na siedzaco, kąt 75",0,"normal",60,10,,,
"Piątek - Barki i łapy","5 Jun 2026, 18:54","5 Jun 2026, 20:42","","Overhead Press (Smith Machine)",,"Bez gryfu liczymy - na siedzaco, kąt 75",1,"normal",65,8,,,
"Piątek - Barki i łapy","5 Jun 2026, 18:54","5 Jun 2026, 20:42","","Overhead Press (Smith Machine)",,"Bez gryfu liczymy - na siedzaco, kąt 75",2,"normal",70,7,,,
"Piątek - Barki i łapy","5 Jun 2026, 18:54","5 Jun 2026, 20:42","","Overhead Press (Smith Machine)",,"Bez gryfu liczymy - na siedzaco, kąt 75",3,"normal",75,5,,,
"Piątek - Barki i łapy","5 Jun 2026, 18:54","5 Jun 2026, 20:42","","Lateral Raise (Dumbbell)",,"W oparciu o lawke",0,"normal",15,12,,,
"Piątek - Barki i łapy","5 Jun 2026, 18:54","5 Jun 2026, 20:42","","Lateral Raise (Dumbbell)",,"W oparciu o lawke",1,"normal",15,12,,,
"Piątek - Barki i łapy","5 Jun 2026, 18:54","5 Jun 2026, 20:42","","Single Arm Lateral Raise (Cable)",,"Zza plecow",0,"normal",8.75,12,,,
"Piątek - Barki i łapy","5 Jun 2026, 18:54","5 Jun 2026, 20:42","","Single Arm Lateral Raise (Cable)",,"Zza plecow",1,"normal",10,7,,,
"Piątek - Barki i łapy","5 Jun 2026, 18:54","5 Jun 2026, 20:42","","Face Pull",,"",0,"normal",25,13,,,
"Piątek - Barki i łapy","5 Jun 2026, 18:54","5 Jun 2026, 20:42","","Face Pull",,"",1,"normal",26.25,11,,,
"Piątek - Barki i łapy","5 Jun 2026, 18:54","5 Jun 2026, 20:42","","Face Pull",,"",2,"normal",26.25,12,,,
"Piątek - Barki i łapy","5 Jun 2026, 18:54","5 Jun 2026, 20:42","","Face Pull",,"",3,"normal",27.5,10,,,
"Piątek - Barki i łapy","5 Jun 2026, 18:54","5 Jun 2026, 20:42","","Preacher Curl (Machine)",,"",0,"normal",50,9,,,
"Piątek - Barki i łapy","5 Jun 2026, 18:54","5 Jun 2026, 20:42","","Preacher Curl (Machine)",,"",1,"normal",52.5,7,,,
"Piątek - Barki i łapy","5 Jun 2026, 18:54","5 Jun 2026, 20:42","","Preacher Curl (Machine)",,"",2,"normal",55,5,,,
"Piątek - Barki i łapy","5 Jun 2026, 18:54","5 Jun 2026, 20:42","","Skullcrusher (Barbell)",,"",0,"normal",49,8,,,
"Piątek - Barki i łapy","5 Jun 2026, 18:54","5 Jun 2026, 20:42","","Skullcrusher (Barbell)",,"",1,"normal",49,8,,,
"Piątek - Barki i łapy","5 Jun 2026, 18:54","5 Jun 2026, 20:42","","Skullcrusher (Barbell)",,"",2,"normal",51.5,6,,,
"Piątek - Barki i łapy","5 Jun 2026, 18:54","5 Jun 2026, 20:42","","Seated Incline Curl (Dumbbell)",0,"",0,"normal",17.5,9,,,
"Piątek - Barki i łapy","5 Jun 2026, 18:54","5 Jun 2026, 20:42","","Seated Incline Curl (Dumbbell)",0,"",1,"normal",17.5,7,,,
"Piątek - Barki i łapy","5 Jun 2026, 18:54","5 Jun 2026, 20:42","","Seated Incline Curl (Dumbbell)",0,"",2,"normal",17.5,7,,,
"Piątek - Barki i łapy","5 Jun 2026, 18:54","5 Jun 2026, 20:42","","Triceps Pushdown",0,"",0,"normal",45,10,,,
"Piątek - Barki i łapy","5 Jun 2026, 18:54","5 Jun 2026, 20:42","","Triceps Pushdown",0,"",1,"normal",46.25,9,,,
"Piątek - Barki i łapy","5 Jun 2026, 18:54","5 Jun 2026, 20:42","","Triceps Pushdown",0,"",2,"normal",47.5,8,,,
"Piątek - Barki i łapy","5 Jun 2026, 18:54","5 Jun 2026, 20:42","","Hammer Curl (Cable)",1,"",0,"normal",37.5,8,,,
"Piątek - Barki i łapy","5 Jun 2026, 18:54","5 Jun 2026, 20:42","","Single Arm Triceps Pushdown (Cable)",1,"",0,"normal",15,7,,,
"Czwartek - Góra - Hipertrofia","4 Jun 2026, 13:55","4 Jun 2026, 15:56","","Bench Press (Barbell) Hipertrofia",,"",0,"normal",90,12,,,
"Czwartek - Góra - Hipertrofia","4 Jun 2026, 13:55","4 Jun 2026, 15:56","","Bench Press (Barbell) Hipertrofia",,"",1,"normal",92.5,10,,,
"Czwartek - Góra - Hipertrofia","4 Jun 2026, 13:55","4 Jun 2026, 15:56","","Bench Press (Barbell) Hipertrofia",,"",2,"normal",92.5,10,,,
"Czwartek - Góra - Hipertrofia","4 Jun 2026, 13:55","4 Jun 2026, 15:56","","Lat Pulldown (Cable)",,"",0,"normal",85.5,11,,,
"Czwartek - Góra - Hipertrofia","4 Jun 2026, 13:55","4 Jun 2026, 15:56","","Lat Pulldown (Cable)",,"",1,"normal",89,10,,,
"Czwartek - Góra - Hipertrofia","4 Jun 2026, 13:55","4 Jun 2026, 15:56","","Lat Pulldown (Cable)",,"",2,"normal",92.5,8,,,
"Czwartek - Góra - Hipertrofia","4 Jun 2026, 13:55","4 Jun 2026, 15:56","","Lat Pulldown (Cable)",,"",3,"normal",92.5,8,,,
"Czwartek - Góra - Hipertrofia","4 Jun 2026, 13:55","4 Jun 2026, 15:56","","Incline Chest Press (Machine)",,"",0,"normal",100,10,,,
"Czwartek - Góra - Hipertrofia","4 Jun 2026, 13:55","4 Jun 2026, 15:56","","Incline Chest Press (Machine)",,"",1,"normal",105,9,,,
"Czwartek - Góra - Hipertrofia","4 Jun 2026, 13:55","4 Jun 2026, 15:56","","Incline Chest Press (Machine)",,"",2,"normal",110,8,,,
"Czwartek - Góra - Hipertrofia","4 Jun 2026, 13:55","4 Jun 2026, 15:56","","Incline Chest Press (Machine)",,"",3,"normal",115,6,,,
"Czwartek - Góra - Hipertrofia","4 Jun 2026, 13:55","4 Jun 2026, 15:56","","Iso-Lateral High Row (Machine)",,"",0,"normal",100,10,,,
"Czwartek - Góra - Hipertrofia","4 Jun 2026, 13:55","4 Jun 2026, 15:56","","Iso-Lateral High Row (Machine)",,"",1,"normal",110,10,,,
"Czwartek - Góra - Hipertrofia","4 Jun 2026, 13:55","4 Jun 2026, 15:56","","Iso-Lateral High Row (Machine)",,"",2,"normal",120,10,,,
"Czwartek - Góra - Hipertrofia","4 Jun 2026, 13:55","4 Jun 2026, 15:56","","Butterfly (Pec Deck)",,"",0,"normal",101,12,,,
"Czwartek - Góra - Hipertrofia","4 Jun 2026, 13:55","4 Jun 2026, 15:56","","Butterfly (Pec Deck)",,"",1,"normal",105.5,10,,,
"Czwartek - Góra - Hipertrofia","4 Jun 2026, 13:55","4 Jun 2026, 15:56","","Butterfly (Pec Deck)",,"",2,"normal",108,8,,,
"Czwartek - Góra - Hipertrofia","4 Jun 2026, 13:55","4 Jun 2026, 15:56","","Pullover (Machine)",,"",0,"normal",85,13,,,
"Czwartek - Góra - Hipertrofia","4 Jun 2026, 13:55","4 Jun 2026, 15:56","","Pullover (Machine)",,"",1,"normal",90,11,,,
"Czwartek - Góra - Hipertrofia","4 Jun 2026, 13:55","4 Jun 2026, 15:56","","Pullover (Machine)",,"",2,"normal",95,10,,,
"Środa - Dzień cardio","3 Jun 2026, 18:27","3 Jun 2026, 19:13","","Treadmill",,"",0,"normal",,,3.3,2700,
"Wtorek - Dół","2 Jun 2026, 19:02","2 Jun 2026, 20:44","","Warm Up",,"",0,"normal",,,,780,
"Wtorek - Dół","2 Jun 2026, 19:02","2 Jun 2026, 20:44","","Front Squat",,"",0,"normal",100,5,,,
"Wtorek - Dół","2 Jun 2026, 19:02","2 Jun 2026, 20:44","","Front Squat",,"",1,"normal",105,4,,,
"Wtorek - Dół","2 Jun 2026, 19:02","2 Jun 2026, 20:44","","Front Squat",,"",2,"normal",110,3,,,
"Wtorek - Dół","2 Jun 2026, 19:02","2 Jun 2026, 20:44","","Romanian Deadlift (Barbell)",,"",0,"normal",125,8,,,
"Wtorek - Dół","2 Jun 2026, 19:02","2 Jun 2026, 20:44","","Romanian Deadlift (Barbell)",,"",1,"normal",135,8,,,
"Wtorek - Dół","2 Jun 2026, 19:02","2 Jun 2026, 20:44","","Romanian Deadlift (Barbell)",,"",2,"normal",145,6,,,
"Wtorek - Dół","2 Jun 2026, 19:02","2 Jun 2026, 20:44","","Hack Squat (Machine)",,"",0,"normal",135,7,,,
"Wtorek - Dół","2 Jun 2026, 19:02","2 Jun 2026, 20:44","","Hack Squat (Machine)",,"",1,"normal",135,8,,,
"Wtorek - Dół","2 Jun 2026, 19:02","2 Jun 2026, 20:44","","Hack Squat (Machine)",,"",2,"normal",137.5,6,,,
"Wtorek - Dół","2 Jun 2026, 19:02","2 Jun 2026, 20:44","","Leg Extension (Machine)",,"",0,"normal",77.5,10,,,
"Wtorek - Dół","2 Jun 2026, 19:02","2 Jun 2026, 20:44","","Leg Extension (Machine)",,"",1,"normal",80,10,,,
"Wtorek - Dół","2 Jun 2026, 19:02","2 Jun 2026, 20:44","","Leg Extension (Machine)",,"",2,"normal",82.5,10,,,
"Wtorek - Dół","2 Jun 2026, 19:02","2 Jun 2026, 20:44","","Lying Leg Curl (Machine)",,"",0,"normal",47.5,11,,,
"Wtorek - Dół","2 Jun 2026, 19:02","2 Jun 2026, 20:44","","Lying Leg Curl (Machine)",,"",1,"normal",50,10,,,
"Wtorek - Dół","2 Jun 2026, 19:02","2 Jun 2026, 20:44","","Lying Leg Curl (Machine)",,"",2,"normal",52.5,8,,,
"Wtorek - Dół","2 Jun 2026, 19:02","2 Jun 2026, 20:44","","Hip Adduction (Machine)",,"",0,"normal",95,10,,,
"Wtorek - Dół","2 Jun 2026, 19:02","2 Jun 2026, 20:44","","Hip Adduction (Machine)",,"",1,"normal",100,9,,,
"Wtorek - Dół","2 Jun 2026, 19:02","2 Jun 2026, 20:44","","Cable Crunch",,"",0,"normal",50,11,,,
"Wtorek - Dół","2 Jun 2026, 19:02","2 Jun 2026, 20:44","","Cable Crunch",,"",1,"normal",51.25,10,,,
"Wtorek - Dół","2 Jun 2026, 19:02","2 Jun 2026, 20:44","","Cable Crunch",,"",2,"normal",52.5,9,,,
"Wtorek - Dół","2 Jun 2026, 19:02","2 Jun 2026, 20:44","","Cable Core Pallof Press",,"",0,"normal",18.75,9,,,
"Wtorek - Dół","2 Jun 2026, 19:02","2 Jun 2026, 20:44","","Cable Core Pallof Press",,"",1,"normal",20,8,,,
"Poniedziałek - Góra","1 Jun 2026, 18:57","1 Jun 2026, 21:20","","Bench Press (Barbell)",,"",0,"normal",97.5,8,,,
"Poniedziałek - Góra","1 Jun 2026, 18:57","1 Jun 2026, 21:20","","Bench Press (Barbell)",,"",1,"normal",100,7,,,
"Poniedziałek - Góra","1 Jun 2026, 18:57","1 Jun 2026, 21:20","","Bench Press (Barbell)",,"",2,"normal",102.5,6,,,
"Poniedziałek - Góra","1 Jun 2026, 18:57","1 Jun 2026, 21:20","","Bench Press (Barbell)",,"",3,"normal",102.5,5,,,
"Poniedziałek - Góra","1 Jun 2026, 18:57","1 Jun 2026, 21:20","","Pull Up",,"",0,"normal",,8,,,
"Poniedziałek - Góra","1 Jun 2026, 18:57","1 Jun 2026, 21:20","","Pull Up",,"",1,"normal",,7,,,
"Poniedziałek - Góra","1 Jun 2026, 18:57","1 Jun 2026, 21:20","","Pull Up",,"",2,"normal",,7,,,
"Poniedziałek - Góra","1 Jun 2026, 18:57","1 Jun 2026, 21:20","","Pull Up",,"",3,"normal",,6,,,
"Poniedziałek - Góra","1 Jun 2026, 18:57","1 Jun 2026, 21:20","","Incline Bench Press (Smith Machine)",,"Bez gryfu liczymy",0,"normal",70,12,,,
"Poniedziałek - Góra","1 Jun 2026, 18:57","1 Jun 2026, 21:20","","Incline Bench Press (Smith Machine)",,"Bez gryfu liczymy",1,"normal",80,6,,,
"Poniedziałek - Góra","1 Jun 2026, 18:57","1 Jun 2026, 21:20","","Incline Bench Press (Smith Machine)",,"Bez gryfu liczymy",2,"normal",80,5,,,
"Poniedziałek - Góra","1 Jun 2026, 18:57","1 Jun 2026, 21:20","","Dumbbell Row",,"",0,"normal",50,12,,,
"Poniedziałek - Góra","1 Jun 2026, 18:57","1 Jun 2026, 21:20","","Dumbbell Row",,"",1,"normal",50,12,,,
"Poniedziałek - Góra","1 Jun 2026, 18:57","1 Jun 2026, 21:20","","Dumbbell Row",,"",2,"normal",50,13,,,
"Poniedziałek - Góra","1 Jun 2026, 18:57","1 Jun 2026, 21:20","","Low Cable Fly Crossovers",,"",0,"normal",15,11,,,
"Poniedziałek - Góra","1 Jun 2026, 18:57","1 Jun 2026, 21:20","","Low Cable Fly Crossovers",,"",1,"normal",15,10,,,
"Poniedziałek - Góra","1 Jun 2026, 18:57","1 Jun 2026, 21:20","","Low Cable Fly Crossovers",,"",2,"normal",15,10,,,
"Poniedziałek - Góra","1 Jun 2026, 18:57","1 Jun 2026, 21:20","","Single Arm Cable Row",,"",0,"normal",45,10,,,
"Poniedziałek - Góra","1 Jun 2026, 18:57","1 Jun 2026, 21:20","","Single Arm Cable Row",,"",1,"normal",47.5,9,,,
"Poniedziałek - Góra","1 Jun 2026, 18:57","1 Jun 2026, 21:20","","Single Arm Cable Row",,"",2,"normal",50,8,,,
"Poniedziałek - Góra","1 Jun 2026, 18:57","1 Jun 2026, 21:20","","Bicep Curl (Cable)",0,"",0,"normal",31.25,9,,,
"Poniedziałek - Góra","1 Jun 2026, 18:57","1 Jun 2026, 21:20","","Bicep Curl (Cable)",0,"",1,"normal",31.25,9,,,
"Poniedziałek - Góra","1 Jun 2026, 18:57","1 Jun 2026, 21:20","","Triceps Rope Pushdown",0,"",0,"normal",31.25,9,,,
"Poniedziałek - Góra","1 Jun 2026, 18:57","1 Jun 2026, 21:20","","Triceps Rope Pushdown",0,"",1,"normal",31.25,9,,,
"Poniedziałek - Góra","1 Jun 2026, 18:57","1 Jun 2026, 21:20","","Lateral Raise (Machine)",,"",0,"normal",57.5,10,,,
"Poniedziałek - Góra","1 Jun 2026, 18:57","1 Jun 2026, 21:20","","Lateral Raise (Machine)",,"",1,"normal",60,8,,,
"Poniedziałek - Góra","1 Jun 2026, 18:57","1 Jun 2026, 21:20","","Rear Delt Reverse Fly (Machine)",,"",0,"normal",20,13,,,
"Poniedziałek - Góra","1 Jun 2026, 18:57","1 Jun 2026, 21:20","","Rear Delt Reverse Fly (Machine)",,"",1,"normal",22.5,10,,,
"Sobota - Nogi - Hipertrofia","30 May 2026, 16:04","30 May 2026, 17:26","","Pendulum Squat (Machine)",,"",0,"normal",101.7,10,,,
"Sobota - Nogi - Hipertrofia","30 May 2026, 16:04","30 May 2026, 17:26","","Pendulum Squat (Machine)",,"",1,"normal",106.7,8,,,
"Sobota - Nogi - Hipertrofia","30 May 2026, 16:04","30 May 2026, 17:26","","Pendulum Squat (Machine)",,"",2,"normal",111.7,6,,,
"Sobota - Nogi - Hipertrofia","30 May 2026, 16:04","30 May 2026, 17:26","","Single Leg Press (Machine)",,"",0,"normal",113,8,,,
"Sobota - Nogi - Hipertrofia","30 May 2026, 16:04","30 May 2026, 17:26","","Single Leg Press (Machine)",,"",1,"normal",123,8,,,
"Sobota - Nogi - Hipertrofia","30 May 2026, 16:04","30 May 2026, 17:26","","Single Leg Press (Machine)",,"",2,"normal",133,8,,,
"Sobota - Nogi - Hipertrofia","30 May 2026, 16:04","30 May 2026, 17:26","","Single Leg Extensions",,"",0,"normal",33.05,8,,,
"Sobota - Nogi - Hipertrofia","30 May 2026, 16:04","30 May 2026, 17:26","","Single Leg Extensions",,"",1,"normal",35.55,7,,,
"Sobota - Nogi - Hipertrofia","30 May 2026, 16:04","30 May 2026, 17:26","","Single Leg Extensions",,"",2,"normal",36.8,6,,,
"Sobota - Nogi - Hipertrofia","30 May 2026, 16:04","30 May 2026, 17:26","","Standing Leg Curls",,"",0,"normal",36.1,10,,,
"Sobota - Nogi - Hipertrofia","30 May 2026, 16:04","30 May 2026, 17:26","","Standing Leg Curls",,"",1,"normal",38.6,8,,,
"Sobota - Nogi - Hipertrofia","30 May 2026, 16:04","30 May 2026, 17:26","","Standing Leg Curls",,"",2,"normal",41.1,6,,,
"Sobota - Nogi - Hipertrofia","30 May 2026, 16:04","30 May 2026, 17:26","","Hanging Leg Raise",,"Bujanka",0,"normal",,12,,,
"Sobota - Nogi - Hipertrofia","30 May 2026, 16:04","30 May 2026, 17:26","","Hanging Leg Raise",,"Bujanka",1,"normal",,12,,,
"Sobota - Nogi - Hipertrofia","30 May 2026, 16:04","30 May 2026, 17:26","","Hanging Leg Raise",,"Bujanka",2,"normal",,12,,,
"Sobota - Nogi - Hipertrofia","30 May 2026, 16:04","30 May 2026, 17:26","","Cable Crunch - Wyciąg Kapelanka - Na Podwyższeniu 15cm",,"",0,"normal",42.75,10,,,
"Sobota - Nogi - Hipertrofia","30 May 2026, 16:04","30 May 2026, 17:26","","Cable Crunch - Wyciąg Kapelanka - Na Podwyższeniu 15cm",,"",1,"normal",42.75,10,,,
"Sobota - Nogi - Hipertrofia","30 May 2026, 16:04","30 May 2026, 17:26","","Cable Crunch - Wyciąg Kapelanka - Na Podwyższeniu 15cm",,"",2,"normal",42.75,10,,,
"Piątek - Barki i łapy","29 May 2026, 13:00","29 May 2026, 14:45","","Shoulder Press (Machine Plates)",,"",0,"normal",110,12,,,
"Piątek - Barki i łapy","29 May 2026, 13:00","29 May 2026, 14:45","","Shoulder Press (Machine Plates)",,"",1,"normal",120,9,,,
"Piątek - Barki i łapy","29 May 2026, 13:00","29 May 2026, 14:45","","Shoulder Press (Machine Plates)",,"",2,"normal",130,5,,,
"Piątek - Barki i łapy","29 May 2026, 13:00","29 May 2026, 14:45","","Shoulder Press (Machine Plates)",,"",3,"dropset",100,12,,,
"Piątek - Barki i łapy","29 May 2026, 13:00","29 May 2026, 14:45","","Lateral Raise (Dumbbell)",,"",0,"normal",15,10,,,
"Piątek - Barki i łapy","29 May 2026, 13:00","29 May 2026, 14:45","","Lateral Raise (Dumbbell)",,"",1,"normal",15,11,,,
"Piątek - Barki i łapy","29 May 2026, 13:00","29 May 2026, 14:45","","Single Arm Lateral Raise (Cable)",,"",0,"normal",8.75,11,,,
"Piątek - Barki i łapy","29 May 2026, 13:00","29 May 2026, 14:45","","Single Arm Lateral Raise (Cable)",,"",1,"normal",10,6,,,
"Piątek - Barki i łapy","29 May 2026, 13:00","29 May 2026, 14:45","","Face Pull",,"",0,"normal",22.5,13,,,
"Piątek - Barki i łapy","29 May 2026, 13:00","29 May 2026, 14:45","","Face Pull",,"",1,"normal",25,12,,,
"Piątek - Barki i łapy","29 May 2026, 13:00","29 May 2026, 14:45","","Face Pull",,"",2,"normal",25,12,,,
"Piątek - Barki i łapy","29 May 2026, 13:00","29 May 2026, 14:45","","Face Pull",,"",3,"normal",26.25,10,,,
"Piątek - Barki i łapy","29 May 2026, 13:00","29 May 2026, 14:45","","Preacher Curl (Machine)",,"",0,"normal",50,8,,,
"Piątek - Barki i łapy","29 May 2026, 13:00","29 May 2026, 14:45","","Preacher Curl (Machine)",,"",1,"normal",52.5,7,,,
"Piątek - Barki i łapy","29 May 2026, 13:00","29 May 2026, 14:45","","Preacher Curl (Machine)",,"",2,"normal",55,5,,,
"Piątek - Barki i łapy","29 May 2026, 13:00","29 May 2026, 14:45","","Skullcrusher (Barbell)",,"Inna sztanga - mniejszy ciezar, w sumie lepsze czucie",0,"normal",49,4,,,
"Piątek - Barki i łapy","29 May 2026, 13:00","29 May 2026, 14:45","","Skullcrusher (Barbell)",,"Inna sztanga - mniejszy ciezar, w sumie lepsze czucie",1,"normal",39,10,,,
"Piątek - Barki i łapy","29 May 2026, 13:00","29 May 2026, 14:45","","Skullcrusher (Barbell)",,"Inna sztanga - mniejszy ciezar, w sumie lepsze czucie",2,"normal",39,10,,,
"Piątek - Barki i łapy","29 May 2026, 13:00","29 May 2026, 14:45","","Seated Incline Curl (Dumbbell)",0,"",0,"normal",15,12,,,
"Piątek - Barki i łapy","29 May 2026, 13:00","29 May 2026, 14:45","","Seated Incline Curl (Dumbbell)",0,"",1,"normal",17.5,7,,,
"Piątek - Barki i łapy","29 May 2026, 13:00","29 May 2026, 14:45","","Seated Incline Curl (Dumbbell)",0,"",2,"normal",17.5,7,,,
"Piątek - Barki i łapy","29 May 2026, 13:00","29 May 2026, 14:45","","Triceps Pushdown",0,"",0,"normal",40,11,,,
"Piątek - Barki i łapy","29 May 2026, 13:00","29 May 2026, 14:45","","Triceps Pushdown",0,"",1,"normal",42.5,11,,,
"Piątek - Barki i łapy","29 May 2026, 13:00","29 May 2026, 14:45","","Triceps Pushdown",0,"",2,"normal",45,9,,,
"Piątek - Barki i łapy","29 May 2026, 13:00","29 May 2026, 14:45","","Hammer Curl (Cable)",1,"",0,"normal",35,9,,,
"Piątek - Barki i łapy","29 May 2026, 13:00","29 May 2026, 14:45","","Single Arm Triceps Pushdown (Cable)",1,"",0,"normal",13.75,9,,,
"Czwartek - Góra - Hipertrofia","28 May 2026, 18:32","28 May 2026, 20:12","","Bench Press (Barbell) Hipertrofia",,"",0,"normal",90,12,,,
"Czwartek - Góra - Hipertrofia","28 May 2026, 18:32","28 May 2026, 20:12","","Bench Press (Barbell) Hipertrofia",,"",1,"normal",92.5,9,,,
"Czwartek - Góra - Hipertrofia","28 May 2026, 18:32","28 May 2026, 20:12","","Bench Press (Barbell) Hipertrofia",,"",2,"normal",87.5,11,,,
"Czwartek - Góra - Hipertrofia","28 May 2026, 18:32","28 May 2026, 20:12","","Lat Pulldown (Cable)",,"",0,"normal",85.5,10,,,
"Czwartek - Góra - Hipertrofia","28 May 2026, 18:32","28 May 2026, 20:12","","Lat Pulldown (Cable)",,"",1,"normal",89,10,,,
"Czwartek - Góra - Hipertrofia","28 May 2026, 18:32","28 May 2026, 20:12","","Lat Pulldown (Cable)",,"",2,"normal",92.5,8,,,
"Czwartek - Góra - Hipertrofia","28 May 2026, 18:32","28 May 2026, 20:12","","Lat Pulldown (Cable)",,"",3,"normal",92.5,7,,,
"Czwartek - Góra - Hipertrofia","28 May 2026, 18:32","28 May 2026, 20:12","","Incline Chest Press (Machine)",,"",0,"normal",100,10,,,
"Czwartek - Góra - Hipertrofia","28 May 2026, 18:32","28 May 2026, 20:12","","Incline Chest Press (Machine)",,"",1,"normal",105,7,,,
"Czwartek - Góra - Hipertrofia","28 May 2026, 18:32","28 May 2026, 20:12","","Incline Chest Press (Machine)",,"",2,"normal",90,9,,,
"Czwartek - Góra - Hipertrofia","28 May 2026, 18:32","28 May 2026, 20:12","","Incline Chest Press (Machine)",,"",3,"normal",80,10,,,
"Czwartek - Góra - Hipertrofia","28 May 2026, 18:32","28 May 2026, 20:12","","Iso-Lateral High Row (Machine)",,"",0,"normal",95,10,,,
"Czwartek - Góra - Hipertrofia","28 May 2026, 18:32","28 May 2026, 20:12","","Iso-Lateral High Row (Machine)",,"",1,"normal",105,10,,,
"Czwartek - Góra - Hipertrofia","28 May 2026, 18:32","28 May 2026, 20:12","","Iso-Lateral High Row (Machine)",,"",2,"normal",115,10,,,
"Czwartek - Góra - Hipertrofia","28 May 2026, 18:32","28 May 2026, 20:12","","Butterfly (Pec Deck)",,"",0,"normal",94,12,,,
"Czwartek - Góra - Hipertrofia","28 May 2026, 18:32","28 May 2026, 20:12","","Butterfly (Pec Deck)",,"",1,"normal",101,11,,,
"Czwartek - Góra - Hipertrofia","28 May 2026, 18:32","28 May 2026, 20:12","","Butterfly (Pec Deck)",,"",2,"normal",105.5,10,,,
"Czwartek - Góra - Hipertrofia","28 May 2026, 18:32","28 May 2026, 20:12","","Pullover (Machine)",,"",0,"normal",80,13,,,
"Czwartek - Góra - Hipertrofia","28 May 2026, 18:32","28 May 2026, 20:12","","Pullover (Machine)",,"",1,"normal",87.5,12,,,
"Czwartek - Góra - Hipertrofia","28 May 2026, 18:32","28 May 2026, 20:12","","Pullover (Machine)",,"",2,"normal",92.5,10,,,
"Środa - Dzień cardio","27 May 2026, 18:27","27 May 2026, 19:12","","Treadmill",,"",0,"normal",,,3.3,2700,
"Wtorek - Dół","26 May 2026, 18:53","26 May 2026, 20:50","","Warm Up",,"",0,"normal",,,,850,
"Wtorek - Dół","26 May 2026, 18:53","26 May 2026, 20:50","","Squat (Barbell)",,"Dzisiaj brak walki o zycie, nieco wieksza kontrola, choc i tak walka, chyba zmeczenie z poprzedniego treningu",0,"normal",140,4,,,
"Wtorek - Dół","26 May 2026, 18:53","26 May 2026, 20:50","","Squat (Barbell)",,"Dzisiaj brak walki o zycie, nieco wieksza kontrola, choc i tak walka, chyba zmeczenie z poprzedniego treningu",1,"normal",140,5,,,
"Wtorek - Dół","26 May 2026, 18:53","26 May 2026, 20:50","","Squat (Barbell)",,"Dzisiaj brak walki o zycie, nieco wieksza kontrola, choc i tak walka, chyba zmeczenie z poprzedniego treningu",2,"normal",140,5,,,
"Wtorek - Dół","26 May 2026, 18:53","26 May 2026, 20:50","","Squat (Barbell)",,"Dzisiaj brak walki o zycie, nieco wieksza kontrola, choc i tak walka, chyba zmeczenie z poprzedniego treningu",3,"dropset",120,8,,,
"Wtorek - Dół","26 May 2026, 18:53","26 May 2026, 20:50","","Romanian Deadlift (Barbell)",,"",0,"normal",125,8,,,
"Wtorek - Dół","26 May 2026, 18:53","26 May 2026, 20:50","","Romanian Deadlift (Barbell)",,"",1,"normal",135,8,,,
"Wtorek - Dół","26 May 2026, 18:53","26 May 2026, 20:50","","Romanian Deadlift (Barbell)",,"",2,"normal",145,6,,,
"Wtorek - Dół","26 May 2026, 18:53","26 May 2026, 20:50","","Hack Squat (Machine)",,"",0,"normal",135,7,,,
"Wtorek - Dół","26 May 2026, 18:53","26 May 2026, 20:50","","Hack Squat (Machine)",,"",1,"normal",135,7,,,
"Wtorek - Dół","26 May 2026, 18:53","26 May 2026, 20:50","","Leg Extension (Machine)",,"",0,"normal",75,10,,,
"Wtorek - Dół","26 May 2026, 18:53","26 May 2026, 20:50","","Leg Extension (Machine)",,"",1,"normal",77.5,10,,,
"Wtorek - Dół","26 May 2026, 18:53","26 May 2026, 20:50","","Leg Extension (Machine)",,"",2,"normal",80,10,,,
"Wtorek - Dół","26 May 2026, 18:53","26 May 2026, 20:50","","Lying Leg Curl (Machine)",,"",0,"normal",47.5,11,,,
"Wtorek - Dół","26 May 2026, 18:53","26 May 2026, 20:50","","Lying Leg Curl (Machine)",,"",1,"normal",50,9,,,
"Wtorek - Dół","26 May 2026, 18:53","26 May 2026, 20:50","","Lying Leg Curl (Machine)",,"",2,"normal",50,8,,,
"Wtorek - Dół","26 May 2026, 18:53","26 May 2026, 20:50","","Hip Adduction (Machine)",,"",0,"normal",90,12,,,
"Wtorek - Dół","26 May 2026, 18:53","26 May 2026, 20:50","","Hip Adduction (Machine)",,"",1,"normal",100,8,,,
"Wtorek - Dół","26 May 2026, 18:53","26 May 2026, 20:50","","Cable Crunch",,"",0,"normal",48.75,12,,,
"Wtorek - Dół","26 May 2026, 18:53","26 May 2026, 20:50","","Cable Crunch",,"",1,"normal",50,10,,,
"Wtorek - Dół","26 May 2026, 18:53","26 May 2026, 20:50","","Cable Crunch",,"",2,"normal",51.25,8,,,
"Wtorek - Dół","26 May 2026, 18:53","26 May 2026, 20:50","","Cable Core Pallof Press",,"",0,"normal",17.5,8,,,
"Wtorek - Dół","26 May 2026, 18:53","26 May 2026, 20:50","","Cable Core Pallof Press",,"",1,"normal",18.75,8,,,
"Poniedziałek - Góra","25 May 2026, 19:00","25 May 2026, 21:22","","Bench Press (Barbell)",,"",0,"normal",97.5,8,,,
"Poniedziałek - Góra","25 May 2026, 19:00","25 May 2026, 21:22","","Bench Press (Barbell)",,"",1,"normal",100,7,,,
"Poniedziałek - Góra","25 May 2026, 19:00","25 May 2026, 21:22","","Bench Press (Barbell)",,"",2,"normal",100,6,,,
"Poniedziałek - Góra","25 May 2026, 19:00","25 May 2026, 21:22","","Bench Press (Barbell)",,"",3,"normal",100,6,,,
"Poniedziałek - Góra","25 May 2026, 19:00","25 May 2026, 21:22","","Pull Up",,"",0,"normal",,8,,,
"Poniedziałek - Góra","25 May 2026, 19:00","25 May 2026, 21:22","","Pull Up",,"",1,"normal",,7,,,
"Poniedziałek - Góra","25 May 2026, 19:00","25 May 2026, 21:22","","Pull Up",,"",2,"normal",,6,,,
"Poniedziałek - Góra","25 May 2026, 19:00","25 May 2026, 21:22","","Pull Up",,"",3,"normal",,6,,,
"Poniedziałek - Góra","25 May 2026, 19:00","25 May 2026, 21:22","","Incline Bench Press (Dumbbell)",,"Dzisiaj mocne wyciskanie na plaskiej i podciaganie, wiec nie udalo sie dolozyc na hantlach",0,"normal",45,7,,,
"Poniedziałek - Góra","25 May 2026, 19:00","25 May 2026, 21:22","","Incline Bench Press (Dumbbell)",,"Dzisiaj mocne wyciskanie na plaskiej i podciaganie, wiec nie udalo sie dolozyc na hantlach",1,"normal",45,6,,,
"Poniedziałek - Góra","25 May 2026, 19:00","25 May 2026, 21:22","","Incline Bench Press (Dumbbell)",,"Dzisiaj mocne wyciskanie na plaskiej i podciaganie, wiec nie udalo sie dolozyc na hantlach",2,"normal",45,6,,,
"Poniedziałek - Góra","25 May 2026, 19:00","25 May 2026, 21:22","","Dumbbell Row",,"",0,"normal",50,10,,,
"Poniedziałek - Góra","25 May 2026, 19:00","25 May 2026, 21:22","","Dumbbell Row",,"",1,"normal",50,11,,,
"Poniedziałek - Góra","25 May 2026, 19:00","25 May 2026, 21:22","","Dumbbell Row",,"",2,"normal",50,12,,,
"Poniedziałek - Góra","25 May 2026, 19:00","25 May 2026, 21:22","","Low Cable Fly Crossovers",,"",0,"normal",13.75,13,,,
"Poniedziałek - Góra","25 May 2026, 19:00","25 May 2026, 21:22","","Low Cable Fly Crossovers",,"",1,"normal",15,10,,,
"Poniedziałek - Góra","25 May 2026, 19:00","25 May 2026, 21:22","","Low Cable Fly Crossovers",,"",2,"normal",15,10,,,
"Poniedziałek - Góra","25 May 2026, 19:00","25 May 2026, 21:22","","Single Arm Cable Row",,"",0,"normal",43.75,10,,,
"Poniedziałek - Góra","25 May 2026, 19:00","25 May 2026, 21:22","","Single Arm Cable Row",,"",1,"normal",46.25,9,,,
"Poniedziałek - Góra","25 May 2026, 19:00","25 May 2026, 21:22","","Single Arm Cable Row",,"",2,"normal",48.75,8,,,
"Poniedziałek - Góra","25 May 2026, 19:00","25 May 2026, 21:22","","Bicep Curl (Cable)",0,"",0,"normal",30,10,,,
"Poniedziałek - Góra","25 May 2026, 19:00","25 May 2026, 21:22","","Bicep Curl (Cable)",0,"",1,"normal",31.25,8,,,
"Poniedziałek - Góra","25 May 2026, 19:00","25 May 2026, 21:22","","Triceps Rope Pushdown",0,"",0,"normal",30,10,,,
"Poniedziałek - Góra","25 May 2026, 19:00","25 May 2026, 21:22","","Triceps Rope Pushdown",0,"",1,"normal",31.25,8,,,
"Poniedziałek - Góra","25 May 2026, 19:00","25 May 2026, 21:22","","Lateral Raise (Machine)",,"",0,"normal",55,10,,,
"Poniedziałek - Góra","25 May 2026, 19:00","25 May 2026, 21:22","","Lateral Raise (Machine)",,"",1,"normal",57.5,9,,,
"Poniedziałek - Góra","25 May 2026, 19:00","25 May 2026, 21:22","","Rear Delt Reverse Fly (Machine)",,"",0,"normal",20,12,,,
"Poniedziałek - Góra","25 May 2026, 19:00","25 May 2026, 21:22","","Rear Delt Reverse Fly (Machine)",,"",1,"normal",22.5,10,,,
"Sobota - Nogi - Hipertrofia","23 May 2026, 13:57","23 May 2026, 15:29","","Pendulum Squat (Machine)",,"",0,"normal",101.7,9,,,
"Sobota - Nogi - Hipertrofia","23 May 2026, 13:57","23 May 2026, 15:29","","Pendulum Squat (Machine)",,"",1,"normal",104.2,9,,,
"Sobota - Nogi - Hipertrofia","23 May 2026, 13:57","23 May 2026, 15:29","","Pendulum Squat (Machine)",,"",2,"normal",106.7,8,,,
"Sobota - Nogi - Hipertrofia","23 May 2026, 13:57","23 May 2026, 15:29","","Single Leg Press (Machine)",,"",0,"normal",108,8,,,
"Sobota - Nogi - Hipertrofia","23 May 2026, 13:57","23 May 2026, 15:29","","Single Leg Press (Machine)",,"",1,"normal",118,8,,,
"Sobota - Nogi - Hipertrofia","23 May 2026, 13:57","23 May 2026, 15:29","","Single Leg Press (Machine)",,"",2,"normal",128,7,,,
"Sobota - Nogi - Hipertrofia","23 May 2026, 13:57","23 May 2026, 15:29","","Single Leg Extensions",,"",0,"normal",28.05,10,,,
"Sobota - Nogi - Hipertrofia","23 May 2026, 13:57","23 May 2026, 15:29","","Single Leg Extensions",,"",1,"normal",33.05,8,,,
"Sobota - Nogi - Hipertrofia","23 May 2026, 13:57","23 May 2026, 15:29","","Single Leg Extensions",,"",2,"normal",35.55,7,,,
"Sobota - Nogi - Hipertrofia","23 May 2026, 13:57","23 May 2026, 15:29","","Standing Leg Curls",,"",0,"normal",33.6,11,,,
"Sobota - Nogi - Hipertrofia","23 May 2026, 13:57","23 May 2026, 15:29","","Standing Leg Curls",,"",1,"normal",36.1,9,,,
"Sobota - Nogi - Hipertrofia","23 May 2026, 13:57","23 May 2026, 15:29","","Standing Leg Curls",,"",2,"normal",38.6,7,,,
"Sobota - Nogi - Hipertrofia","23 May 2026, 13:57","23 May 2026, 15:29","","Hanging Leg Raise",,"",0,"normal",,12,,,
"Sobota - Nogi - Hipertrofia","23 May 2026, 13:57","23 May 2026, 15:29","","Hanging Leg Raise",,"",1,"normal",,12,,,
"Sobota - Nogi - Hipertrofia","23 May 2026, 13:57","23 May 2026, 15:29","","Hanging Leg Raise",,"",2,"normal",,12,,,
"Sobota - Nogi - Hipertrofia","23 May 2026, 13:57","23 May 2026, 15:29","","Cable Crunch - Wyciąg Kapelanka - Na Podwyższeniu 15cm",,"",0,"normal",41,10,,,
"Sobota - Nogi - Hipertrofia","23 May 2026, 13:57","23 May 2026, 15:29","","Cable Crunch - Wyciąg Kapelanka - Na Podwyższeniu 15cm",,"",1,"normal",41,11,,,
"Sobota - Nogi - Hipertrofia","23 May 2026, 13:57","23 May 2026, 15:29","","Cable Crunch - Wyciąg Kapelanka - Na Podwyższeniu 15cm",,"",2,"normal",42.75,10,,,
"Piątek - Barki i łapy","22 May 2026, 18:55","22 May 2026, 20:31","","Warm Up",,"",0,"normal",,,,490,
"Piątek - Barki i łapy","22 May 2026, 18:55","22 May 2026, 20:31","","Shoulder Press (Machine Plates)",,"RIR 0-1",0,"normal",120,10,,,
"Piątek - Barki i łapy","22 May 2026, 18:55","22 May 2026, 20:31","","Shoulder Press (Machine Plates)",,"RIR 0-1",1,"normal",130,7,,,
"Piątek - Barki i łapy","22 May 2026, 18:55","22 May 2026, 20:31","","Shoulder Press (Machine Plates)",,"RIR 0-1",2,"normal",132.5,6,,,
"Piątek - Barki i łapy","22 May 2026, 18:55","22 May 2026, 20:31","","Shoulder Press (Machine Plates)",,"RIR 0-1",3,"normal",132.5,6,,,
"Piątek - Barki i łapy","22 May 2026, 18:55","22 May 2026, 20:31","","Lateral Raise (Dumbbell)",,"W oparciu o lawke - nie ma oszukiwania",0,"normal",12.5,15,,,
"Piątek - Barki i łapy","22 May 2026, 18:55","22 May 2026, 20:31","","Lateral Raise (Dumbbell)",,"W oparciu o lawke - nie ma oszukiwania",1,"normal",15,10,,,
"Piątek - Barki i łapy","22 May 2026, 18:55","22 May 2026, 20:31","","Single Arm Lateral Raise (Cable)",,"Zza plecow - troche ciezej",0,"normal",7.5,10,,,
"Piątek - Barki i łapy","22 May 2026, 18:55","22 May 2026, 20:31","","Single Arm Lateral Raise (Cable)",,"Zza plecow - troche ciezej",1,"normal",8.75,10,,,
"Piątek - Barki i łapy","22 May 2026, 18:55","22 May 2026, 20:31","","Face Pull",,"",0,"normal",22.5,12,,,
"Piątek - Barki i łapy","22 May 2026, 18:55","22 May 2026, 20:31","","Face Pull",,"",1,"normal",25,10,,,
"Piątek - Barki i łapy","22 May 2026, 18:55","22 May 2026, 20:31","","Face Pull",,"",2,"normal",25,11,,,
"Piątek - Barki i łapy","22 May 2026, 18:55","22 May 2026, 20:31","","Face Pull",,"",3,"normal",25,12,,,
"Piątek - Barki i łapy","22 May 2026, 18:55","22 May 2026, 20:31","","Preacher Curl (Machine)",,"",0,"normal",50,8,,,
"Piątek - Barki i łapy","22 May 2026, 18:55","22 May 2026, 20:31","","Preacher Curl (Machine)",,"",1,"normal",52.5,7,,,
"Piątek - Barki i łapy","22 May 2026, 18:55","22 May 2026, 20:31","","Preacher Curl (Machine)",,"",2,"normal",55,5,,,
"Piątek - Barki i łapy","22 May 2026, 18:55","22 May 2026, 20:31","","Skullcrusher (Barbell)",,"",0,"normal",49,8,,,
"Piątek - Barki i łapy","22 May 2026, 18:55","22 May 2026, 20:31","","Skullcrusher (Barbell)",,"",1,"normal",49,8,,,
"Piątek - Barki i łapy","22 May 2026, 18:55","22 May 2026, 20:31","","Skullcrusher (Barbell)",,"",2,"normal",51.5,6,,,
"Piątek - Barki i łapy","22 May 2026, 18:55","22 May 2026, 20:31","","Seated Incline Curl (Dumbbell)",0,"",0,"normal",15,12,,,
"Piątek - Barki i łapy","22 May 2026, 18:55","22 May 2026, 20:31","","Seated Incline Curl (Dumbbell)",0,"",1,"normal",17.5,7,,,
"Piątek - Barki i łapy","22 May 2026, 18:55","22 May 2026, 20:31","","Seated Incline Curl (Dumbbell)",0,"",2,"normal",17.5,6,,,
"Piątek - Barki i łapy","22 May 2026, 18:55","22 May 2026, 20:31","","Triceps Pushdown",0,"",0,"normal",40,11,,,
"Piątek - Barki i łapy","22 May 2026, 18:55","22 May 2026, 20:31","","Triceps Pushdown",0,"",1,"normal",42.5,10,,,
"Piątek - Barki i łapy","22 May 2026, 18:55","22 May 2026, 20:31","","Triceps Pushdown",0,"",2,"normal",45,8,,,
"Piątek - Barki i łapy","22 May 2026, 18:55","22 May 2026, 20:31","","Hammer Curl (Cable)",1,"",0,"normal",33.75,9,,,
"Piątek - Barki i łapy","22 May 2026, 18:55","22 May 2026, 20:31","","Single Arm Triceps Pushdown (Cable)",1,"",0,"normal",12.5,10,,,
"Czwartek - Góra - Hipertrofia","21 May 2026, 18:41","21 May 2026, 21:08","","Bench Press (Barbell) Hipertrofia",,"",0,"normal",90,12,,,
"Czwartek - Góra - Hipertrofia","21 May 2026, 18:41","21 May 2026, 21:08","","Bench Press (Barbell) Hipertrofia",,"",1,"normal",92.5,10,,,
"Czwartek - Góra - Hipertrofia","21 May 2026, 18:41","21 May 2026, 21:08","","Bench Press (Barbell) Hipertrofia",,"",2,"normal",92.5,9,,,
"Czwartek - Góra - Hipertrofia","21 May 2026, 18:41","21 May 2026, 21:08","","Lat Pulldown (Cable)",,"",0,"normal",85.5,10,,,
"Czwartek - Góra - Hipertrofia","21 May 2026, 18:41","21 May 2026, 21:08","","Lat Pulldown (Cable)",,"",1,"normal",89,10,,,
"Czwartek - Góra - Hipertrofia","21 May 2026, 18:41","21 May 2026, 21:08","","Lat Pulldown (Cable)",,"",2,"normal",92.5,8,,,
"Czwartek - Góra - Hipertrofia","21 May 2026, 18:41","21 May 2026, 21:08","","Lat Pulldown (Cable)",,"",3,"normal",92.5,7,,,
"Czwartek - Góra - Hipertrofia","21 May 2026, 18:41","21 May 2026, 21:08","","Incline Chest Press (Machine)",,"",0,"normal",100,10,,,
"Czwartek - Góra - Hipertrofia","21 May 2026, 18:41","21 May 2026, 21:08","","Incline Chest Press (Machine)",,"",1,"normal",105,8,,,
"Czwartek - Góra - Hipertrofia","21 May 2026, 18:41","21 May 2026, 21:08","","Incline Chest Press (Machine)",,"",2,"normal",110,8,,,
"Czwartek - Góra - Hipertrofia","21 May 2026, 18:41","21 May 2026, 21:08","","Incline Chest Press (Machine)",,"",3,"normal",115,6,,,
"Czwartek - Góra - Hipertrofia","21 May 2026, 18:41","21 May 2026, 21:08","","Iso-Lateral High Row (Machine)",,"",0,"normal",92.5,10,,,
"Czwartek - Góra - Hipertrofia","21 May 2026, 18:41","21 May 2026, 21:08","","Iso-Lateral High Row (Machine)",,"",1,"normal",102.5,10,,,
"Czwartek - Góra - Hipertrofia","21 May 2026, 18:41","21 May 2026, 21:08","","Iso-Lateral High Row (Machine)",,"",2,"normal",112.5,10,,,
"Czwartek - Góra - Hipertrofia","21 May 2026, 18:41","21 May 2026, 21:08","","Butterfly (Pec Deck)",,"",0,"normal",91.5,12,,,
"Czwartek - Góra - Hipertrofia","21 May 2026, 18:41","21 May 2026, 21:08","","Butterfly (Pec Deck)",,"",1,"normal",98.5,10,,,
"Czwartek - Góra - Hipertrofia","21 May 2026, 18:41","21 May 2026, 21:08","","Butterfly (Pec Deck)",,"",2,"normal",103,9,,,
"Czwartek - Góra - Hipertrofia","21 May 2026, 18:41","21 May 2026, 21:08","","Pullover (Machine)",,"",0,"normal",80,12,,,
"Czwartek - Góra - Hipertrofia","21 May 2026, 18:41","21 May 2026, 21:08","","Pullover (Machine)",,"",1,"normal",87.5,10,,,
"Czwartek - Góra - Hipertrofia","21 May 2026, 18:41","21 May 2026, 21:08","","Pullover (Machine)",,"",2,"normal",92.5,9,,,
"Środa - Dzień cardio","20 May 2026, 18:35","20 May 2026, 19:20","","Treadmill",,"",0,"normal",,,3.54,2700,
"Wtorek - Dół","19 May 2026, 19:08","19 May 2026, 21:02","","Warm Up",,"",0,"normal",,,,850,
"Wtorek - Dół","19 May 2026, 19:08","19 May 2026, 21:02","","Squat (Barbell)",,"Glebokosc do poprawy, w ostatnim powotrzeniu ostatniej serii walka o zycie",0,"normal",140,6,,,
"Wtorek - Dół","19 May 2026, 19:08","19 May 2026, 21:02","","Squat (Barbell)",,"Glebokosc do poprawy, w ostatnim powotrzeniu ostatniej serii walka o zycie",1,"normal",142.5,5,,,
"Wtorek - Dół","19 May 2026, 19:08","19 May 2026, 21:02","","Squat (Barbell)",,"Glebokosc do poprawy, w ostatnim powotrzeniu ostatniej serii walka o zycie",2,"normal",142.5,5,,,
"Wtorek - Dół","19 May 2026, 19:08","19 May 2026, 21:02","","Romanian Deadlift (Barbell)",,"",0,"normal",125,8,,,
"Wtorek - Dół","19 May 2026, 19:08","19 May 2026, 21:02","","Romanian Deadlift (Barbell)",,"",1,"normal",135,8,,,
"Wtorek - Dół","19 May 2026, 19:08","19 May 2026, 21:02","","Romanian Deadlift (Barbell)",,"",2,"normal",145,6,,,
"Wtorek - Dół","19 May 2026, 19:08","19 May 2026, 21:02","","Hack Squat (Machine)",,"",0,"normal",132.5,8,,,
"Wtorek - Dół","19 May 2026, 19:08","19 May 2026, 21:02","","Hack Squat (Machine)",,"",1,"normal",135,6,,,
"Wtorek - Dół","19 May 2026, 19:08","19 May 2026, 21:02","","Hack Squat (Machine)",,"",2,"normal",135,6,,,
"Wtorek - Dół","19 May 2026, 19:08","19 May 2026, 21:02","","Leg Extension (Machine)",,"",0,"normal",72.5,11,,,
"Wtorek - Dół","19 May 2026, 19:08","19 May 2026, 21:02","","Leg Extension (Machine)",,"",1,"normal",75,10,,,
"Wtorek - Dół","19 May 2026, 19:08","19 May 2026, 21:02","","Leg Extension (Machine)",,"",2,"normal",75,10,,,
"Wtorek - Dół","19 May 2026, 19:08","19 May 2026, 21:02","","Lying Leg Curl (Machine)",,"",0,"normal",47.5,10,,,
"Wtorek - Dół","19 May 2026, 19:08","19 May 2026, 21:02","","Lying Leg Curl (Machine)",,"",1,"normal",50,8,,,
"Wtorek - Dół","19 May 2026, 19:08","19 May 2026, 21:02","","Lying Leg Curl (Machine)",,"",2,"normal",50,7,,,
"Wtorek - Dół","19 May 2026, 19:08","19 May 2026, 21:02","","Hip Adduction (Machine)",,"",0,"normal",90,11,,,
"Wtorek - Dół","19 May 2026, 19:08","19 May 2026, 21:02","","Hip Adduction (Machine)",,"",1,"normal",100,8,,,
"Wtorek - Dół","19 May 2026, 19:08","19 May 2026, 21:02","","Cable Crunch",,"",0,"normal",47.5,12,,,
"Wtorek - Dół","19 May 2026, 19:08","19 May 2026, 21:02","","Cable Crunch",,"",1,"normal",48.75,11,,,
"Wtorek - Dół","19 May 2026, 19:08","19 May 2026, 21:02","","Cable Crunch",,"",2,"normal",51.25,9,,,
"Wtorek - Dół","19 May 2026, 19:08","19 May 2026, 21:02","","Cable Core Pallof Press",,"",0,"normal",17.5,7,,,
"Wtorek - Dół","19 May 2026, 19:08","19 May 2026, 21:02","","Cable Core Pallof Press",,"",1,"normal",18.75,7,,,
"Poniedziałek - Góra","18 May 2026, 19:10","18 May 2026, 21:41","","Bench Press (Barbell)",,"",0,"normal",95,8,,,
"Poniedziałek - Góra","18 May 2026, 19:10","18 May 2026, 21:41","","Bench Press (Barbell)",,"",1,"normal",97.5,7,,,
"Poniedziałek - Góra","18 May 2026, 19:10","18 May 2026, 21:41","","Bench Press (Barbell)",,"",2,"normal",100,6,,,
"Poniedziałek - Góra","18 May 2026, 19:10","18 May 2026, 21:41","","Bench Press (Barbell)",,"",3,"normal",100,6,,,
"Poniedziałek - Góra","18 May 2026, 19:10","18 May 2026, 21:41","","Pull Up",,"",0,"normal",,6,,,
"Poniedziałek - Góra","18 May 2026, 19:10","18 May 2026, 21:41","","Pull Up",,"",1,"normal",,6,,,
"Poniedziałek - Góra","18 May 2026, 19:10","18 May 2026, 21:41","","Pull Up",,"",2,"normal",,6,,,
"Poniedziałek - Góra","18 May 2026, 19:10","18 May 2026, 21:41","","Pull Up",,"",3,"normal",,6,,,
"Poniedziałek - Góra","18 May 2026, 19:10","18 May 2026, 21:41","","Incline Bench Press (Dumbbell)",,"",0,"normal",45,7,,,
"Poniedziałek - Góra","18 May 2026, 19:10","18 May 2026, 21:41","","Incline Bench Press (Dumbbell)",,"",1,"normal",45,6,,,
"Poniedziałek - Góra","18 May 2026, 19:10","18 May 2026, 21:41","","Incline Bench Press (Dumbbell)",,"",2,"normal",45,6,,,
"Poniedziałek - Góra","18 May 2026, 19:10","18 May 2026, 21:41","","Dumbbell Row",,"",0,"normal",47.5,10,,,
"Poniedziałek - Góra","18 May 2026, 19:10","18 May 2026, 21:41","","Dumbbell Row",,"",1,"normal",47.5,11,,,
"Poniedziałek - Góra","18 May 2026, 19:10","18 May 2026, 21:41","","Dumbbell Row",,"",2,"normal",47.5,12,,,
"Poniedziałek - Góra","18 May 2026, 19:10","18 May 2026, 21:41","","Low Cable Fly Crossovers",,"",0,"normal",12.5,12,,,
"Poniedziałek - Góra","18 May 2026, 19:10","18 May 2026, 21:41","","Low Cable Fly Crossovers",,"",1,"normal",13.75,12,,,
"Poniedziałek - Góra","18 May 2026, 19:10","18 May 2026, 21:41","","Low Cable Fly Crossovers",,"",2,"normal",15,9,,,
"Poniedziałek - Góra","18 May 2026, 19:10","18 May 2026, 21:41","","Single Arm Cable Row",,"",0,"normal",42.5,10,,,
"Poniedziałek - Góra","18 May 2026, 19:10","18 May 2026, 21:41","","Single Arm Cable Row",,"",1,"normal",45,9,,,
"Poniedziałek - Góra","18 May 2026, 19:10","18 May 2026, 21:41","","Single Arm Cable Row",,"",2,"normal",47.5,8,,,
"Poniedziałek - Góra","18 May 2026, 19:10","18 May 2026, 21:41","","Bicep Curl (Cable)",,"",0,"normal",28.75,11,,,
"Poniedziałek - Góra","18 May 2026, 19:10","18 May 2026, 21:41","","Bicep Curl (Cable)",,"",1,"normal",30,9,,,
"Poniedziałek - Góra","18 May 2026, 19:10","18 May 2026, 21:41","","Triceps Rope Pushdown",,"",0,"normal",26.25,10,,,
"Poniedziałek - Góra","18 May 2026, 19:10","18 May 2026, 21:41","","Triceps Rope Pushdown",,"",1,"normal",28.75,10,,,
"Poniedziałek - Góra","18 May 2026, 19:10","18 May 2026, 21:41","","Lateral Raise (Machine)",,"",0,"normal",55,10,,,
"Poniedziałek - Góra","18 May 2026, 19:10","18 May 2026, 21:41","","Lateral Raise (Machine)",,"",1,"normal",57.5,9,,,
"Poniedziałek - Góra","18 May 2026, 19:10","18 May 2026, 21:41","","Rear Delt Reverse Fly (Machine)",,"",0,"normal",20,12,,,
"Poniedziałek - Góra","18 May 2026, 19:10","18 May 2026, 21:41","","Rear Delt Reverse Fly (Machine)",,"",1,"normal",22.5,10,,,
"Sobota - Nogi - Hipertrofia","16 May 2026, 16:06","16 May 2026, 17:37","","Pendulum Squat (Machine)",,"",0,"normal",99.2,8,,,
"Sobota - Nogi - Hipertrofia","16 May 2026, 16:06","16 May 2026, 17:37","","Pendulum Squat (Machine)",,"",1,"normal",101.7,8,,,
"Sobota - Nogi - Hipertrofia","16 May 2026, 16:06","16 May 2026, 17:37","","Pendulum Squat (Machine)",,"",2,"normal",104.2,8,,,
"Sobota - Nogi - Hipertrofia","16 May 2026, 16:06","16 May 2026, 17:37","","Single Leg Press (Machine)",,"",0,"normal",103,8,,,
"Sobota - Nogi - Hipertrofia","16 May 2026, 16:06","16 May 2026, 17:37","","Single Leg Press (Machine)",,"",1,"normal",113,8,,,
"Sobota - Nogi - Hipertrofia","16 May 2026, 16:06","16 May 2026, 17:37","","Single Leg Press (Machine)",,"",2,"normal",123,7,,,
"Sobota - Nogi - Hipertrofia","16 May 2026, 16:06","16 May 2026, 17:37","","Single Leg Extensions",,"",0,"normal",23.05,10,,,
"Sobota - Nogi - Hipertrofia","16 May 2026, 16:06","16 May 2026, 17:37","","Single Leg Extensions",,"",1,"normal",28.05,8,,,
"Sobota - Nogi - Hipertrofia","16 May 2026, 16:06","16 May 2026, 17:37","","Single Leg Extensions",,"",2,"normal",33.05,8,,,
"Sobota - Nogi - Hipertrofia","16 May 2026, 16:06","16 May 2026, 17:37","","Standing Leg Curls",,"",0,"normal",28.6,12,,,
"Sobota - Nogi - Hipertrofia","16 May 2026, 16:06","16 May 2026, 17:37","","Standing Leg Curls",,"",1,"normal",33.6,10,,,
"Sobota - Nogi - Hipertrofia","16 May 2026, 16:06","16 May 2026, 17:37","","Standing Leg Curls",,"",2,"normal",36.1,8,,,
"Sobota - Nogi - Hipertrofia","16 May 2026, 16:06","16 May 2026, 17:37","","Hanging Leg Raise",,"W ostatniej za bardzo bujalo, malo stabilizacji i sily",0,"normal",,11,,,
"Sobota - Nogi - Hipertrofia","16 May 2026, 16:06","16 May 2026, 17:37","","Hanging Leg Raise",,"W ostatniej za bardzo bujalo, malo stabilizacji i sily",1,"normal",,12,,,
"Sobota - Nogi - Hipertrofia","16 May 2026, 16:06","16 May 2026, 17:37","","Hanging Leg Raise",,"W ostatniej za bardzo bujalo, malo stabilizacji i sily",2,"normal",,11,,,
"Sobota - Nogi - Hipertrofia","16 May 2026, 16:06","16 May 2026, 17:37","","Cable Crunch - Wyciąg Kapelanka - Na Podwyższeniu 15cm",,"",0,"normal",39.25,10,,,
"Sobota - Nogi - Hipertrofia","16 May 2026, 16:06","16 May 2026, 17:37","","Cable Crunch - Wyciąg Kapelanka - Na Podwyższeniu 15cm",,"",1,"normal",39.25,10,,,
"Sobota - Nogi - Hipertrofia","16 May 2026, 16:06","16 May 2026, 17:37","","Cable Crunch - Wyciąg Kapelanka - Na Podwyższeniu 15cm",,"",2,"normal",41,10,,,
"Piątek - Barki i łapy","15 May 2026, 15:29","15 May 2026, 17:08","","Shoulder Press (Machine Plates)",,"RIR 0",0,"normal",120,10,,,
"Piątek - Barki i łapy","15 May 2026, 15:29","15 May 2026, 17:08","","Shoulder Press (Machine Plates)",,"RIR 0",1,"normal",130,6,,,
"Piątek - Barki i łapy","15 May 2026, 15:29","15 May 2026, 17:08","","Shoulder Press (Machine Plates)",,"RIR 0",2,"normal",130,6,,,
"Piątek - Barki i łapy","15 May 2026, 15:29","15 May 2026, 17:08","","Shoulder Press (Machine Plates)",,"RIR 0",3,"normal",130,6,,,
"Piątek - Barki i łapy","15 May 2026, 15:29","15 May 2026, 17:08","","Lateral Raise (Dumbbell)",,"",0,"normal",12.5,12,,,
"Piątek - Barki i łapy","15 May 2026, 15:29","15 May 2026, 17:08","","Lateral Raise (Dumbbell)",,"",1,"normal",12.5,14,,,
"Piątek - Barki i łapy","15 May 2026, 15:29","15 May 2026, 17:08","","Single Arm Lateral Raise (Cable)",,"",0,"normal",7.5,9,,,
"Piątek - Barki i łapy","15 May 2026, 15:29","15 May 2026, 17:08","","Single Arm Lateral Raise (Cable)",,"",1,"normal",7.5,10,,,
"Piątek - Barki i łapy","15 May 2026, 15:29","15 May 2026, 17:08","","Face Pull",,"",0,"normal",22.5,10,,,
"Piątek - Barki i łapy","15 May 2026, 15:29","15 May 2026, 17:08","","Face Pull",,"",1,"normal",22.5,12,,,
"Piątek - Barki i łapy","15 May 2026, 15:29","15 May 2026, 17:08","","Face Pull",,"",2,"normal",22.5,12,,,
"Piątek - Barki i łapy","15 May 2026, 15:29","15 May 2026, 17:08","","Face Pull",,"",3,"normal",25,10,,,
"Piątek - Barki i łapy","15 May 2026, 15:29","15 May 2026, 17:08","","Preacher Curl (Machine)",,"",0,"normal",47.5,9,,,
"Piątek - Barki i łapy","15 May 2026, 15:29","15 May 2026, 17:08","","Preacher Curl (Machine)",,"",1,"normal",50,8,,,
"Piątek - Barki i łapy","15 May 2026, 15:29","15 May 2026, 17:08","","Preacher Curl (Machine)",,"",2,"normal",52.5,6,,,
"Piątek - Barki i łapy","15 May 2026, 15:29","15 May 2026, 17:08","","Skullcrusher (Barbell)",,"",0,"normal",49,7,,,
"Piątek - Barki i łapy","15 May 2026, 15:29","15 May 2026, 17:08","","Skullcrusher (Barbell)",,"",1,"normal",49,7,,,
"Piątek - Barki i łapy","15 May 2026, 15:29","15 May 2026, 17:08","","Skullcrusher (Barbell)",,"",2,"normal",49,7,,,
"Piątek - Barki i łapy","15 May 2026, 15:29","15 May 2026, 17:08","","Seated Incline Curl (Dumbbell)",,"",0,"normal",15,11,,,
"Piątek - Barki i łapy","15 May 2026, 15:29","15 May 2026, 17:08","","Seated Incline Curl (Dumbbell)",,"",1,"normal",17.5,6,,,
"Piątek - Barki i łapy","15 May 2026, 15:29","15 May 2026, 17:08","","Seated Incline Curl (Dumbbell)",,"",2,"normal",17.5,6,,,
"Piątek - Barki i łapy","15 May 2026, 15:29","15 May 2026, 17:08","","Triceps Pushdown",,"Palłka",0,"normal",37.5,10,,,
"Piątek - Barki i łapy","15 May 2026, 15:29","15 May 2026, 17:08","","Triceps Pushdown",,"Palłka",1,"normal",40,10,,,
"Piątek - Barki i łapy","15 May 2026, 15:29","15 May 2026, 17:08","","Triceps Pushdown",,"Palłka",2,"normal",42.5,9,,,
"Piątek - Barki i łapy","15 May 2026, 15:29","15 May 2026, 17:08","","Hammer Curl (Cable)",,"",0,"normal",32.5,9,,,
"Piątek - Barki i łapy","15 May 2026, 15:29","15 May 2026, 17:08","","Single Arm Triceps Pushdown (Cable)",,"",0,"normal",12.5,9,,,
"Czwartek - Góra - Hipertrofia","14 May 2026, 18:44","14 May 2026, 21:08","","Bench Press (Barbell) Hipertrofia",,"",0,"normal",90,12,,,
"Czwartek - Góra - Hipertrofia","14 May 2026, 18:44","14 May 2026, 21:08","","Bench Press (Barbell) Hipertrofia",,"",1,"normal",90,11,,,
"Czwartek - Góra - Hipertrofia","14 May 2026, 18:44","14 May 2026, 21:08","","Bench Press (Barbell) Hipertrofia",,"",2,"normal",90,10,,,
"Czwartek - Góra - Hipertrofia","14 May 2026, 18:44","14 May 2026, 21:08","","Lat Pulldown (Cable)",,"Zakres ruchu w ostatnich do poprawy",0,"normal",78.5,10,,,
"Czwartek - Góra - Hipertrofia","14 May 2026, 18:44","14 May 2026, 21:08","","Lat Pulldown (Cable)",,"Zakres ruchu w ostatnich do poprawy",1,"normal",85.5,10,,,
"Czwartek - Góra - Hipertrofia","14 May 2026, 18:44","14 May 2026, 21:08","","Lat Pulldown (Cable)",,"Zakres ruchu w ostatnich do poprawy",2,"normal",89,9,,,
"Czwartek - Góra - Hipertrofia","14 May 2026, 18:44","14 May 2026, 21:08","","Lat Pulldown (Cable)",,"Zakres ruchu w ostatnich do poprawy",3,"normal",92.5,7,,,
"Czwartek - Góra - Hipertrofia","14 May 2026, 18:44","14 May 2026, 21:08","","Incline Chest Press (Machine)",,"",0,"normal",100,10,,,
"Czwartek - Góra - Hipertrofia","14 May 2026, 18:44","14 May 2026, 21:08","","Incline Chest Press (Machine)",,"",1,"normal",105,8,,,
"Czwartek - Góra - Hipertrofia","14 May 2026, 18:44","14 May 2026, 21:08","","Incline Chest Press (Machine)",,"",2,"normal",110,7,,,
"Czwartek - Góra - Hipertrofia","14 May 2026, 18:44","14 May 2026, 21:08","","Incline Chest Press (Machine)",,"",3,"normal",112.5,6,,,
"Czwartek - Góra - Hipertrofia","14 May 2026, 18:44","14 May 2026, 21:08","","Iso-Lateral High Row (Machine)",,"",0,"normal",90,10,,,
"Czwartek - Góra - Hipertrofia","14 May 2026, 18:44","14 May 2026, 21:08","","Iso-Lateral High Row (Machine)",,"",1,"normal",100,10,,,
"Czwartek - Góra - Hipertrofia","14 May 2026, 18:44","14 May 2026, 21:08","","Iso-Lateral High Row (Machine)",,"",2,"normal",110,8,,,
"Czwartek - Góra - Hipertrofia","14 May 2026, 18:44","14 May 2026, 21:08","","Butterfly (Pec Deck)",,"",0,"normal",89,11,,,
"Czwartek - Góra - Hipertrofia","14 May 2026, 18:44","14 May 2026, 21:08","","Butterfly (Pec Deck)",,"",1,"normal",96,10,,,
"Czwartek - Góra - Hipertrofia","14 May 2026, 18:44","14 May 2026, 21:08","","Butterfly (Pec Deck)",,"",2,"normal",103,8,,,
"Czwartek - Góra - Hipertrofia","14 May 2026, 18:44","14 May 2026, 21:08","","Pullover (Machine)",,"",0,"normal",75,12,,,
"Czwartek - Góra - Hipertrofia","14 May 2026, 18:44","14 May 2026, 21:08","","Pullover (Machine)",,"",1,"normal",85,10,,,
"Czwartek - Góra - Hipertrofia","14 May 2026, 18:44","14 May 2026, 21:08","","Pullover (Machine)",,"",2,"normal",90,10,,,
"Środa - Dzień cardio","13 May 2026, 18:42","13 May 2026, 19:28","","Treadmill",,"",0,"normal",,,3.34,2700,
"Wtorek - Dół","12 May 2026, 19:12","12 May 2026, 21:10","","Warm Up",,"",0,"normal",,,,900,
"Wtorek - Dół","12 May 2026, 19:12","12 May 2026, 21:10","","Squat (Barbell)",,"",0,"normal",140,5,,,
"Wtorek - Dół","12 May 2026, 19:12","12 May 2026, 21:10","","Squat (Barbell)",,"",1,"normal",140,5,,,
"Wtorek - Dół","12 May 2026, 19:12","12 May 2026, 21:10","","Squat (Barbell)",,"",2,"normal",140,6,,,
"Wtorek - Dół","12 May 2026, 19:12","12 May 2026, 21:10","","Romanian Deadlift (Barbell)",,"Zakres ruchu do poprawy",0,"normal",122.5,8,,,
"Wtorek - Dół","12 May 2026, 19:12","12 May 2026, 21:10","","Romanian Deadlift (Barbell)",,"Zakres ruchu do poprawy",1,"normal",132.5,8,,,
"Wtorek - Dół","12 May 2026, 19:12","12 May 2026, 21:10","","Romanian Deadlift (Barbell)",,"Zakres ruchu do poprawy",2,"normal",142.5,6,,,
"Wtorek - Dół","12 May 2026, 19:12","12 May 2026, 21:10","","Hack Squat (Machine)",,"",0,"normal",132.5,8,,,
"Wtorek - Dół","12 May 2026, 19:12","12 May 2026, 21:10","","Hack Squat (Machine)",,"",1,"normal",132.5,8,,,
"Wtorek - Dół","12 May 2026, 19:12","12 May 2026, 21:10","","Hack Squat (Machine)",,"",2,"normal",132.5,8,,,
"Wtorek - Dół","12 May 2026, 19:12","12 May 2026, 21:10","","Leg Extension (Machine)",,"",0,"normal",72.5,10,,,
"Wtorek - Dół","12 May 2026, 19:12","12 May 2026, 21:10","","Leg Extension (Machine)",,"",1,"normal",72.5,10,,,
"Wtorek - Dół","12 May 2026, 19:12","12 May 2026, 21:10","","Leg Extension (Machine)",,"",2,"normal",72.5,10,,,
"Wtorek - Dół","12 May 2026, 19:12","12 May 2026, 21:10","","Lying Leg Curl (Machine)",,"",0,"normal",45,11,,,
"Wtorek - Dół","12 May 2026, 19:12","12 May 2026, 21:10","","Lying Leg Curl (Machine)",,"",1,"normal",47.5,8,,,
"Wtorek - Dół","12 May 2026, 19:12","12 May 2026, 21:10","","Lying Leg Curl (Machine)",,"",2,"normal",47.5,9,,,
"Wtorek - Dół","12 May 2026, 19:12","12 May 2026, 21:10","","Hip Adduction (Machine)",,"Druga seria - niedociagniete do konca",0,"normal",90,11,,,
"Wtorek - Dół","12 May 2026, 19:12","12 May 2026, 21:10","","Hip Adduction (Machine)",,"Druga seria - niedociagniete do konca",1,"normal",100,8,,,
"Wtorek - Dół","12 May 2026, 19:12","12 May 2026, 21:10","","Cable Crunch",,"",0,"normal",46.25,12,,,
"Wtorek - Dół","12 May 2026, 19:12","12 May 2026, 21:10","","Cable Crunch",,"",1,"normal",48.75,10,,,
"Wtorek - Dół","12 May 2026, 19:12","12 May 2026, 21:10","","Cable Crunch",,"",2,"normal",51.25,10,,,
"Wtorek - Dół","12 May 2026, 19:12","12 May 2026, 21:10","","Cable Core Pallof Press",,"",0,"normal",16.25,8,,,
"Wtorek - Dół","12 May 2026, 19:12","12 May 2026, 21:10","","Cable Core Pallof Press",,"",1,"normal",18.75,6,,,
"Poniedziałek - Góra","11 May 2026, 19:10","11 May 2026, 21:16","","Bench Press (Barbell)",,"",0,"normal",95,7,,,
"Poniedziałek - Góra","11 May 2026, 19:10","11 May 2026, 21:16","","Bench Press (Barbell)",,"",1,"normal",95,7,,,
"Poniedziałek - Góra","11 May 2026, 19:10","11 May 2026, 21:16","","Bench Press (Barbell)",,"",2,"normal",95,7,,,
"Poniedziałek - Góra","11 May 2026, 19:10","11 May 2026, 21:16","","Bench Press (Barbell)",,"",3,"normal",97.5,6,,,
"Poniedziałek - Góra","11 May 2026, 19:10","11 May 2026, 21:16","","Pull Up",,"",0,"normal",,6,,,
"Poniedziałek - Góra","11 May 2026, 19:10","11 May 2026, 21:16","","Pull Up",,"",1,"normal",,6,,,
"Poniedziałek - Góra","11 May 2026, 19:10","11 May 2026, 21:16","","Pull Up",,"",2,"normal",,6,,,
"Poniedziałek - Góra","11 May 2026, 19:10","11 May 2026, 21:16","","Pull Up",,"",3,"normal",,5,,,
"Poniedziałek - Góra","11 May 2026, 19:10","11 May 2026, 21:16","","Incline Bench Press (Dumbbell)",,"",0,"normal",45,6,,,
"Poniedziałek - Góra","11 May 2026, 19:10","11 May 2026, 21:16","","Incline Bench Press (Dumbbell)",,"",1,"normal",45,6,,,
"Poniedziałek - Góra","11 May 2026, 19:10","11 May 2026, 21:16","","Incline Bench Press (Dumbbell)",,"",2,"normal",45,6,,,
"Poniedziałek - Góra","11 May 2026, 19:10","11 May 2026, 21:16","","Dumbbell Row",,"",0,"normal",45,10,,,
"Poniedziałek - Góra","11 May 2026, 19:10","11 May 2026, 21:16","","Dumbbell Row",,"",1,"normal",45,11,,,
"Poniedziałek - Góra","11 May 2026, 19:10","11 May 2026, 21:16","","Dumbbell Row",,"",2,"normal",47.5,10,,,
"Poniedziałek - Góra","11 May 2026, 19:10","11 May 2026, 21:16","","Low Cable Fly Crossovers",,"",0,"normal",12.5,11,,,
"Poniedziałek - Góra","11 May 2026, 19:10","11 May 2026, 21:16","","Low Cable Fly Crossovers",,"",1,"normal",13.75,11,,,
"Poniedziałek - Góra","11 May 2026, 19:10","11 May 2026, 21:16","","Low Cable Fly Crossovers",,"",2,"normal",15,8,,,
"Poniedziałek - Góra","11 May 2026, 19:10","11 May 2026, 21:16","","Single Arm Cable Row",,"",0,"normal",41.25,10,,,
"Poniedziałek - Góra","11 May 2026, 19:10","11 May 2026, 21:16","","Single Arm Cable Row",,"",1,"normal",43.75,9,,,
"Poniedziałek - Góra","11 May 2026, 19:10","11 May 2026, 21:16","","Single Arm Cable Row",,"",2,"normal",46.25,8,,,
"Poniedziałek - Góra","11 May 2026, 19:10","11 May 2026, 21:16","","Bicep Curl (Cable)",,"",0,"normal",27.5,10,,,
"Poniedziałek - Góra","11 May 2026, 19:10","11 May 2026, 21:16","","Bicep Curl (Cable)",,"",1,"normal",28.75,10,,,
"Poniedziałek - Góra","11 May 2026, 19:10","11 May 2026, 21:16","","Triceps Rope Pushdown",,"",0,"normal",25,10,,,
"Poniedziałek - Góra","11 May 2026, 19:10","11 May 2026, 21:16","","Triceps Rope Pushdown",,"",1,"normal",27.5,9,,,
"Poniedziałek - Góra","11 May 2026, 19:10","11 May 2026, 21:16","","Lateral Raise (Machine)",,"",0,"normal",55,9,,,
"Poniedziałek - Góra","11 May 2026, 19:10","11 May 2026, 21:16","","Lateral Raise (Machine)",,"",1,"normal",57.5,8,,,
"Poniedziałek - Góra","11 May 2026, 19:10","11 May 2026, 21:16","","Rear Delt Reverse Fly (Machine)",,"",0,"normal",20,10,,,
"Poniedziałek - Góra","11 May 2026, 19:10","11 May 2026, 21:16","","Rear Delt Reverse Fly (Machine)",,"",1,"normal",20,12,,,
"Sobota - Nogi - Hipertrofia","9 May 2026, 15:54","9 May 2026, 17:35","","Pendulum Squat (Machine)",,"",0,"normal",96.7,8,,,
"Sobota - Nogi - Hipertrofia","9 May 2026, 15:54","9 May 2026, 17:35","","Pendulum Squat (Machine)",,"",1,"normal",96.7,8,,,
"Sobota - Nogi - Hipertrofia","9 May 2026, 15:54","9 May 2026, 17:35","","Pendulum Squat (Machine)",,"",2,"normal",101.7,7,,,
"Sobota - Nogi - Hipertrofia","9 May 2026, 15:54","9 May 2026, 17:35","","Single Leg Press (Machine)",,"",0,"normal",93,8,,,
"Sobota - Nogi - Hipertrofia","9 May 2026, 15:54","9 May 2026, 17:35","","Single Leg Press (Machine)",,"",1,"normal",103,8,,,
"Sobota - Nogi - Hipertrofia","9 May 2026, 15:54","9 May 2026, 17:35","","Single Leg Press (Machine)",,"",2,"normal",113,8,,,
"Sobota - Nogi - Hipertrofia","9 May 2026, 15:54","9 May 2026, 17:35","","Single Leg Extensions",,"",0,"normal",21.8,10,,,
"Sobota - Nogi - Hipertrofia","9 May 2026, 15:54","9 May 2026, 17:35","","Single Leg Extensions",,"",1,"normal",26.8,8,,,
"Sobota - Nogi - Hipertrofia","9 May 2026, 15:54","9 May 2026, 17:35","","Single Leg Extensions",,"",2,"normal",31.8,6,,,
"Sobota - Nogi - Hipertrofia","9 May 2026, 15:54","9 May 2026, 17:35","","Standing Leg Curls",,"",0,"normal",23.6,10,,,
"Sobota - Nogi - Hipertrofia","9 May 2026, 15:54","9 May 2026, 17:35","","Standing Leg Curls",,"",1,"normal",28.6,10,,,
"Sobota - Nogi - Hipertrofia","9 May 2026, 15:54","9 May 2026, 17:35","","Standing Leg Curls",,"",2,"normal",33.6,10,,,
"Sobota - Nogi - Hipertrofia","9 May 2026, 15:54","9 May 2026, 17:35","","Hanging Leg Raise",,"",0,"normal",,10,,,
"Sobota - Nogi - Hipertrofia","9 May 2026, 15:54","9 May 2026, 17:35","","Hanging Leg Raise",,"",1,"normal",,10,,,
"Sobota - Nogi - Hipertrofia","9 May 2026, 15:54","9 May 2026, 17:35","","Hanging Leg Raise",,"",2,"normal",,12,,,
"Sobota - Nogi - Hipertrofia","9 May 2026, 15:54","9 May 2026, 17:35","","Cable Crunch - Wyciąg Kapelanka - Na Podwyższeniu 15cm",,"",0,"normal",37.5,10,,,
"Sobota - Nogi - Hipertrofia","9 May 2026, 15:54","9 May 2026, 17:35","","Cable Crunch - Wyciąg Kapelanka - Na Podwyższeniu 15cm",,"",1,"normal",37.5,10,,,
"Sobota - Nogi - Hipertrofia","9 May 2026, 15:54","9 May 2026, 17:35","","Cable Crunch - Wyciąg Kapelanka - Na Podwyższeniu 15cm",,"",2,"normal",37.5,10,,,
"Piątek - Barki i łapy","8 May 2026, 19:05","8 May 2026, 20:45","","Shoulder Press (Machine Plates)",,"",0,"normal",120,9,,,
"Piątek - Barki i łapy","8 May 2026, 19:05","8 May 2026, 20:45","","Shoulder Press (Machine Plates)",,"",1,"normal",130,6,,,
"Piątek - Barki i łapy","8 May 2026, 19:05","8 May 2026, 20:45","","Shoulder Press (Machine Plates)",,"",2,"normal",130,6,,,
"Piątek - Barki i łapy","8 May 2026, 19:05","8 May 2026, 20:45","","Shoulder Press (Machine Plates)",,"",3,"normal",130,5,,,
"Piątek - Barki i łapy","8 May 2026, 19:05","8 May 2026, 20:45","","Lateral Raise (Dumbbell)",,"",0,"normal",12.5,10,,,
"Piątek - Barki i łapy","8 May 2026, 19:05","8 May 2026, 20:45","","Lateral Raise (Dumbbell)",,"",1,"normal",12.5,12,,,
"Piątek - Barki i łapy","8 May 2026, 19:05","8 May 2026, 20:45","","Single Arm Lateral Raise (Cable)",,"",0,"normal",7.5,8,,,
"Piątek - Barki i łapy","8 May 2026, 19:05","8 May 2026, 20:45","","Single Arm Lateral Raise (Cable)",,"",1,"normal",7.5,8,,,
"Piątek - Barki i łapy","8 May 2026, 19:05","8 May 2026, 20:45","","Face Pull",,"",0,"normal",22.5,10,,,
"Piątek - Barki i łapy","8 May 2026, 19:05","8 May 2026, 20:45","","Face Pull",,"",1,"normal",22.5,10,,,
"Piątek - Barki i łapy","8 May 2026, 19:05","8 May 2026, 20:45","","Face Pull",,"",2,"normal",22.5,10,,,
"Piątek - Barki i łapy","8 May 2026, 19:05","8 May 2026, 20:45","","Face Pull",,"",3,"normal",22.5,10,,,
"Piątek - Barki i łapy","8 May 2026, 19:05","8 May 2026, 20:45","","Preacher Curl (Machine)",,"",0,"normal",47.5,8,,,
"Piątek - Barki i łapy","8 May 2026, 19:05","8 May 2026, 20:45","","Preacher Curl (Machine)",,"",1,"normal",50,7,,,
"Piątek - Barki i łapy","8 May 2026, 19:05","8 May 2026, 20:45","","Preacher Curl (Machine)",,"",2,"normal",52.5,5,,,
"Piątek - Barki i łapy","8 May 2026, 19:05","8 May 2026, 20:45","","Skullcrusher (Barbell)",,"",0,"normal",49,6,,,
"Piątek - Barki i łapy","8 May 2026, 19:05","8 May 2026, 20:45","","Skullcrusher (Barbell)",,"",1,"normal",49,6,,,
"Piątek - Barki i łapy","8 May 2026, 19:05","8 May 2026, 20:45","","Skullcrusher (Barbell)",,"",2,"normal",49,6,,,
"Piątek - Barki i łapy","8 May 2026, 19:05","8 May 2026, 20:45","","Seated Incline Curl (Dumbbell)",,"",0,"normal",15,10,,,
"Piątek - Barki i łapy","8 May 2026, 19:05","8 May 2026, 20:45","","Seated Incline Curl (Dumbbell)",,"",1,"normal",17.5,5,,,
"Piątek - Barki i łapy","8 May 2026, 19:05","8 May 2026, 20:45","","Seated Incline Curl (Dumbbell)",,"",2,"normal",17.5,5,,,
"Piątek - Barki i łapy","8 May 2026, 19:05","8 May 2026, 20:45","","Triceps Pushdown",,"",0,"normal",35,10,,,
"Piątek - Barki i łapy","8 May 2026, 19:05","8 May 2026, 20:45","","Triceps Pushdown",,"",1,"normal",37.5,10,,,
"Piątek - Barki i łapy","8 May 2026, 19:05","8 May 2026, 20:45","","Triceps Pushdown",,"",2,"normal",40,10,,,
"Piątek - Barki i łapy","8 May 2026, 19:05","8 May 2026, 20:45","","Hammer Curl (Cable)",,"",0,"normal",32.5,8,,,
"Piątek - Barki i łapy","8 May 2026, 19:05","8 May 2026, 20:45","","Single Arm Triceps Pushdown (Cable)",,"",0,"normal",12.5,8,,,
"Czwartek - Góra - Hipertrofia - Kapelanka","7 May 2026, 18:51","7 May 2026, 21:05","","Bench Press (Barbell) Hipertrofia",,"",0,"normal",90,10,,,
"Czwartek - Góra - Hipertrofia - Kapelanka","7 May 2026, 18:51","7 May 2026, 21:05","","Bench Press (Barbell) Hipertrofia",,"",1,"normal",90,9,,,
"Czwartek - Góra - Hipertrofia - Kapelanka","7 May 2026, 18:51","7 May 2026, 21:05","","Bench Press (Barbell) Hipertrofia",,"",2,"normal",90,8,,,
"Czwartek - Góra - Hipertrofia - Kapelanka","7 May 2026, 18:51","7 May 2026, 21:05","","Lat Pulldown (Cable)",,"",0,"normal",75,10,,,
"Czwartek - Góra - Hipertrofia - Kapelanka","7 May 2026, 18:51","7 May 2026, 21:05","","Lat Pulldown (Cable)",,"",1,"normal",82,10,,,
"Czwartek - Góra - Hipertrofia - Kapelanka","7 May 2026, 18:51","7 May 2026, 21:05","","Lat Pulldown (Cable)",,"",2,"normal",89,8,,,
"Czwartek - Góra - Hipertrofia - Kapelanka","7 May 2026, 18:51","7 May 2026, 21:05","","Lat Pulldown (Cable)",,"",3,"normal",92.5,6,,,
"Czwartek - Góra - Hipertrofia - Kapelanka","7 May 2026, 18:51","7 May 2026, 21:05","","Incline Chest Press (Machine)",,"",0,"normal",80,12,,,
"Czwartek - Góra - Hipertrofia - Kapelanka","7 May 2026, 18:51","7 May 2026, 21:05","","Incline Chest Press (Machine)",,"",1,"normal",100,8,,,
"Czwartek - Góra - Hipertrofia - Kapelanka","7 May 2026, 18:51","7 May 2026, 21:05","","Incline Chest Press (Machine)",,"",2,"normal",110,6,,,
"Czwartek - Góra - Hipertrofia - Kapelanka","7 May 2026, 18:51","7 May 2026, 21:05","","Incline Chest Press (Machine)",,"",3,"normal",110,7,,,
"Czwartek - Góra - Hipertrofia - Kapelanka","7 May 2026, 18:51","7 May 2026, 21:05","","Iso-Lateral High Row (Machine)",,"",0,"normal",70,12,,,
"Czwartek - Góra - Hipertrofia - Kapelanka","7 May 2026, 18:51","7 May 2026, 21:05","","Iso-Lateral High Row (Machine)",,"",1,"normal",80,10,,,
"Czwartek - Góra - Hipertrofia - Kapelanka","7 May 2026, 18:51","7 May 2026, 21:05","","Iso-Lateral High Row (Machine)",,"",2,"normal",100,8,,,
"Czwartek - Góra - Hipertrofia - Kapelanka","7 May 2026, 18:51","7 May 2026, 21:05","","Butterfly (Pec Deck)",,"",0,"normal",61,12,,,
"Czwartek - Góra - Hipertrofia - Kapelanka","7 May 2026, 18:51","7 May 2026, 21:05","","Butterfly (Pec Deck)",,"",1,"normal",75,12,,,
"Czwartek - Góra - Hipertrofia - Kapelanka","7 May 2026, 18:51","7 May 2026, 21:05","","Butterfly (Pec Deck)",,"",2,"normal",96,10,,,
"Czwartek - Góra - Hipertrofia - Kapelanka","7 May 2026, 18:51","7 May 2026, 21:05","","Pullover (Machine)",,"",0,"normal",70,12,,,
"Czwartek - Góra - Hipertrofia - Kapelanka","7 May 2026, 18:51","7 May 2026, 21:05","","Pullover (Machine)",,"",1,"normal",80,10,,,
"Czwartek - Góra - Hipertrofia - Kapelanka","7 May 2026, 18:51","7 May 2026, 21:05","","Pullover (Machine)",,"",2,"normal",90,9,,,
"Środa - Cardio","6 May 2026, 18:40","6 May 2026, 19:25","","Treadmill",,"",0,"normal",,,3.67,2700,
"Wtorek - Dół","5 May 2026, 19:09","5 May 2026, 21:19","","Warm Up",,"",0,"normal",,,,900,
"Wtorek - Dół","5 May 2026, 19:09","5 May 2026, 21:19","","Squat (Barbell)",,"",0,"normal",140,5,,,
"Wtorek - Dół","5 May 2026, 19:09","5 May 2026, 21:19","","Squat (Barbell)",,"",1,"normal",140,5,,,
"Wtorek - Dół","5 May 2026, 19:09","5 May 2026, 21:19","","Squat (Barbell)",,"",2,"normal",140,5,,,
"Wtorek - Dół","5 May 2026, 19:09","5 May 2026, 21:19","","Romanian Deadlift (Barbell)",,"",0,"normal",120,8,,,
"Wtorek - Dół","5 May 2026, 19:09","5 May 2026, 21:19","","Romanian Deadlift (Barbell)",,"",1,"normal",130,8,,,
"Wtorek - Dół","5 May 2026, 19:09","5 May 2026, 21:19","","Romanian Deadlift (Barbell)",,"",2,"normal",140,6,,,
"Wtorek - Dół","5 May 2026, 19:09","5 May 2026, 21:19","","Hack Squat (Machine)",,"",0,"normal",130,8,,,
"Wtorek - Dół","5 May 2026, 19:09","5 May 2026, 21:19","","Hack Squat (Machine)",,"",1,"normal",130,8,,,
"Wtorek - Dół","5 May 2026, 19:09","5 May 2026, 21:19","","Hack Squat (Machine)",,"",2,"normal",130,8,,,
"Wtorek - Dół","5 May 2026, 19:09","5 May 2026, 21:19","","Leg Extension (Machine)",,"",0,"normal",70,10,,,
"Wtorek - Dół","5 May 2026, 19:09","5 May 2026, 21:19","","Leg Extension (Machine)",,"",1,"normal",70,10,,,
"Wtorek - Dół","5 May 2026, 19:09","5 May 2026, 21:19","","Leg Extension (Machine)",,"",2,"normal",70,10,,,
"Wtorek - Dół","5 May 2026, 19:09","5 May 2026, 21:19","","Lying Leg Curl (Machine)",,"",0,"normal",45,10,,,
"Wtorek - Dół","5 May 2026, 19:09","5 May 2026, 21:19","","Lying Leg Curl (Machine)",,"",1,"normal",45,10,,,
"Wtorek - Dół","5 May 2026, 19:09","5 May 2026, 21:19","","Lying Leg Curl (Machine)",,"",2,"normal",45,9,,,
"Wtorek - Dół","5 May 2026, 19:09","5 May 2026, 21:19","","Hip Adduction (Machine)",,"",0,"normal",90,10,,,
"Wtorek - Dół","5 May 2026, 19:09","5 May 2026, 21:19","","Hip Adduction (Machine)",,"",1,"normal",100,8,,,
"Wtorek - Dół","5 May 2026, 19:09","5 May 2026, 21:19","","Cable Crunch",,"",0,"normal",45,12,,,
"Wtorek - Dół","5 May 2026, 19:09","5 May 2026, 21:19","","Cable Crunch",,"",1,"normal",47.5,10,,,
"Wtorek - Dół","5 May 2026, 19:09","5 May 2026, 21:19","","Cable Crunch",,"",2,"normal",50,10,,,
"Wtorek - Dół","5 May 2026, 19:09","5 May 2026, 21:19","","Cable Core Pallof Press",,"",0,"normal",15,8,,,
"Wtorek - Dół","5 May 2026, 19:09","5 May 2026, 21:19","","Cable Core Pallof Press",,"",1,"normal",17.5,6,,,
"Poniedziałek","4 May 2026, 19:00","4 May 2026, 21:09","","Bench Press (Barbell)",,"",0,"normal",95,6,,,
"Poniedziałek","4 May 2026, 19:00","4 May 2026, 21:09","","Bench Press (Barbell)",,"",1,"normal",95,6,,,
"Poniedziałek","4 May 2026, 19:00","4 May 2026, 21:09","","Bench Press (Barbell)",,"",2,"normal",95,6,,,
"Poniedziałek","4 May 2026, 19:00","4 May 2026, 21:09","","Bench Press (Barbell)",,"",3,"normal",95,6,,,
"Poniedziałek","4 May 2026, 19:00","4 May 2026, 21:09","","Pull Up",,"",0,"normal",,5,,,
"Poniedziałek","4 May 2026, 19:00","4 May 2026, 21:09","","Pull Up",,"",1,"normal",,6,,,
"Poniedziałek","4 May 2026, 19:00","4 May 2026, 21:09","","Pull Up",,"",2,"normal",,6,,,
"Poniedziałek","4 May 2026, 19:00","4 May 2026, 21:09","","Pull Up",,"",3,"normal",,5,,,
"Poniedziałek","4 May 2026, 19:00","4 May 2026, 21:09","","Incline Bench Press (Dumbbell)",,"",0,"normal",45,6,,,
"Poniedziałek","4 May 2026, 19:00","4 May 2026, 21:09","","Incline Bench Press (Dumbbell)",,"",1,"normal",45,6,,,
"Poniedziałek","4 May 2026, 19:00","4 May 2026, 21:09","","Incline Bench Press (Dumbbell)",,"",2,"normal",45,6,,,
"Poniedziałek","4 May 2026, 19:00","4 May 2026, 21:09","","Dumbbell Row",,"",0,"normal",45,8,,,
"Poniedziałek","4 May 2026, 19:00","4 May 2026, 21:09","","Dumbbell Row",,"",1,"normal",45,9,,,
"Poniedziałek","4 May 2026, 19:00","4 May 2026, 21:09","","Dumbbell Row",,"",2,"normal",45,10,,,
"Poniedziałek","4 May 2026, 19:00","4 May 2026, 21:09","","Low Cable Fly Crossovers",,"",0,"normal",10,12,,,
"Poniedziałek","4 May 2026, 19:00","4 May 2026, 21:09","","Low Cable Fly Crossovers",,"",1,"normal",12.5,10,,,
"Poniedziałek","4 May 2026, 19:00","4 May 2026, 21:09","","Low Cable Fly Crossovers",,"",2,"normal",13.75,10,,,
"Poniedziałek","4 May 2026, 19:00","4 May 2026, 21:09","","Single Arm Cable Row",,"",0,"normal",40,10,,,
"Poniedziałek","4 May 2026, 19:00","4 May 2026, 21:09","","Single Arm Cable Row",,"",1,"normal",42.5,8,,,
"Poniedziałek","4 May 2026, 19:00","4 May 2026, 21:09","","Single Arm Cable Row",,"",2,"normal",45,8,,,
"Poniedziałek","4 May 2026, 19:00","4 May 2026, 21:09","","Bicep Curl (Cable)",,"Uchwyt podwójny jak do narciarza",0,"normal",25,10,,,
"Poniedziałek","4 May 2026, 19:00","4 May 2026, 21:09","","Bicep Curl (Cable)",,"Uchwyt podwójny jak do narciarza",1,"normal",27.5,9,,,
"Poniedziałek","4 May 2026, 19:00","4 May 2026, 21:09","","Triceps Rope Pushdown",,"Uchwyt podwójny jak do narciarza",0,"normal",20,10,,,
"Poniedziałek","4 May 2026, 19:00","4 May 2026, 21:09","","Triceps Rope Pushdown",,"Uchwyt podwójny jak do narciarza",1,"normal",22.5,12,,,
"Poniedziałek","4 May 2026, 19:00","4 May 2026, 21:09","","Lateral Raise (Machine)",,"",0,"normal",55,8,,,
"Poniedziałek","4 May 2026, 19:00","4 May 2026, 21:09","","Lateral Raise (Machine)",,"",1,"normal",57.5,7,,,
"Poniedziałek","4 May 2026, 19:00","4 May 2026, 21:09","","Rear Delt Reverse Fly (Machine)",,"",0,"normal",20,8,,,
"Poniedziałek","4 May 2026, 19:00","4 May 2026, 21:09","","Rear Delt Reverse Fly (Machine)",,"",1,"normal",20,10,,,